{
    "total_loss": [
        13.308570861816406,
        11.22566032409668,
        9.3517427444458,
        8.712969779968262,
        9.69149398803711,
        11.151320457458496,
        9.773431777954102,
        7.563072681427002,
        8.441166877746582,
        8.347899436950684,
        8.569104194641113,
        8.150907516479492,
        7.640803337097168,
        9.529701232910156,
        7.0583600997924805,
        7.534830093383789,
        7.331915855407715,
        7.807960510253906,
        7.97996711730957,
        7.759455680847168,
        7.558913707733154,
        6.661471843719482,
        7.838865280151367,
        6.675121784210205,
        7.272550582885742
    ],
    "class_loss": [
        1.2886059284210205,
        1.0545530319213867,
        1.038629412651062,
        0.6931852102279663,
        0.5987708568572998,
        0.6438089609146118,
        0.4507750868797302,
        0.5004684329032898,
        0.44320034980773926,
        0.4674564003944397,
        0.3682865798473358,
        0.3660179078578949,
        0.40358948707580566,
        0.32921189069747925,
        0.4042588174343109,
        0.3581070303916931,
        0.3495961129665375,
        0.3118245303630829,
        0.33996477723121643,
        0.3260630965232849,
        0.26741719245910645,
        0.2903054356575012,
        0.27135226130485535,
        0.2777321934700012,
        0.297392874956131
    ],
    "reg_loss": [
        6.332133769989014,
        5.349191665649414,
        4.4162139892578125,
        4.183188438415527,
        4.696054458618164,
        5.414708137512207,
        4.774022102355957,
        3.656419277191162,
        4.109783172607422,
        4.0570855140686035,
        4.192480564117432,
        3.9839494228363037,
        3.7195043563842773,
        4.682547569274902,
        3.4281153678894043,
        3.6778883934020996,
        3.578558921813965,
        3.826024055480957,
        3.9049923419952393,
        3.7982120513916016,
        3.7126026153564453,
        3.258159637451172,
        3.8515946865081787,
        3.268127918243408,
        3.561927080154419
    ],
    "class_accuracy": [
        0.47560974955558777,
        0.4908536672592163,
        0.5579268336296082,
        0.6524389982223511,
        0.6951219439506531,
        0.7042682766914368,
        0.7896341681480408,
        0.7835366129875183,
        0.8506097793579102,
        0.8567073345184326,
        0.8841463327407837,
        0.9085366129875183,
        0.9146341681480408,
        0.9451219439506531,
        0.9085366129875183,
        0.9420731663703918,
        0.957317054271698,
        0.9725610017776489,
        0.9603658318519592,
        0.957317054271698,
        0.9756097793579102,
        0.9817073345184326,
        0.9786585569381714,
        0.9725610017776489,
        0.9908536672592163
    ],
    "reg_mae": [
        0.18919523060321808,
        0.18241183459758759,
        0.17649024724960327,
        0.1728399395942688,
        0.168887659907341,
        0.16626617312431335,
        0.16624177992343903,
        0.16335076093673706,
        0.162247896194458,
        0.15991918742656708,
        0.16077493131160736,
        0.16086384654045105,
        0.15890471637248993,
        0.1525273323059082,
        0.15256503224372864,
        0.1550464928150177,
        0.15249650180339813,
        0.15350931882858276,
        0.15271762013435364,
        0.1498929262161255,
        0.1528112143278122,
        0.14855189621448517,
        0.1470593810081482,
        0.14913731813430786,
        0.14112569391727448
    ],
    "val_total_loss": [
        4.45692777633667,
        4.141256809234619,
        3.8945255279541016,
        3.719473361968994,
        3.5808956623077393,
        3.4847068786621094,
        3.4057304859161377,
        3.3402156829833984,
        3.351701259613037,
        3.3213093280792236,
        3.2565183639526367,
        3.1608550548553467,
        3.0742156505584717,
        3.0402610301971436,
        3.051352024078369,
        3.0667757987976074,
        3.0295650959014893,
        2.998889923095703,
        2.9705371856689453,
        2.918060302734375,
        2.843013286590576,
        2.8044729232788086,
        2.806072473526001,
        2.7980782985687256,
        2.792672872543335
    ],
    "val_class_loss": [
        0.699651300907135,
        0.6173512935638428,
        0.5570647716522217,
        0.5184398293495178,
        0.5018177628517151,
        0.4954066872596741,
        0.497538298368454,
        0.5015240907669067,
        0.5058658123016357,
        0.5046612620353699,
        0.5003640651702881,
        0.4975610375404358,
        0.4927263855934143,
        0.48530346155166626,
        0.47690221667289734,
        0.4676467478275299,
        0.45617520809173584,
        0.44678205251693726,
        0.4383124113082886,
        0.43067386746406555,
        0.42204368114471436,
        0.4161596894264221,
        0.409850537776947,
        0.40488484501838684,
        0.3999418020248413
    ],
    "val_reg_loss": [
        2.053550958633423,
        1.916290521621704,
        1.8079965114593506,
        1.7301267385482788,
        1.664993405342102,
        1.6185017824172974,
        1.5784807205200195,
        1.544726848602295,
        1.5493841171264648,
        1.534489393234253,
        1.5031681060791016,
        1.4560372829437256,
        1.4139262437820435,
        1.3988046646118164,
        1.4064505100250244,
        1.4164762496948242,
        1.4007387161254883,
        1.387749433517456,
        1.3756904602050781,
        1.351361632347107,
        1.315995693206787,
        1.29819655418396,
        1.3005735874176025,
        1.2978179454803467,
        1.2963509559631348
    ],
    "val_class_accuracy": [
        0.7222222089767456,
        0.7222222089767456,
        0.7777777910232544,
        0.7777777910232544,
        0.7777777910232544,
        0.7777777910232544,
        0.7777777910232544,
        0.7777777910232544,
        0.7777777910232544,
        0.7777777910232544,
        0.7777777910232544,
        0.7777777910232544,
        0.7777777910232544,
        0.7777777910232544,
        0.8333333134651184,
        0.8888888955116272,
        0.8888888955116272,
        0.8888888955116272,
        0.8888888955116272,
        0.8888888955116272,
        0.8888888955116272,
        0.8888888955116272,
        0.8888888955116272,
        0.8888888955116272,
        0.9444444179534912
    ],
    "val_reg_mae": [
        0.13081075251102448,
        0.12867994606494904,
        0.12725844979286194,
        0.12658114731311798,
        0.1253168135881424,
        0.12419341504573822,
        0.1229839026927948,
        0.12164746224880219,
        0.12106810510158539,
        0.12002205848693848,
        0.11896602064371109,
        0.11830328404903412,
        0.11766001582145691,
        0.11674898117780685,
        0.11645082384347916,
        0.11688358336687088,
        0.1164567619562149,
        0.11549665033817291,
        0.11431527137756348,
        0.11330415308475494,
        0.11248253285884857,
        0.11195336282253265,
        0.11214973032474518,
        0.11262156069278717,
        0.112473264336586
    ],