{
    "total_loss": [
        12.623387336730957,
        13.602802276611328,
        14.675575256347656,
        9.128252983093262,
        7.441437244415283,
        8.783082962036133,
        9.971120834350586,
        11.627044677734375,
        11.24667739868164,
        5.0266947746276855,
        9.121479034423828,
        9.3468656539917,
        7.6611528396606445,
        8.014589309692383,
        10.258878707885742,
        6.251072883605957,
        8.885008811950684,
        7.043755531311035,
        8.377714157104492,
        6.722949981689453,
        6.583733558654785,
        7.00761079788208,
        6.445096969604492,
        7.933450222015381,
        7.123714447021484
    ],
    "class_loss": [
        0.3204362392425537,
        0.29527682065963745,
        0.2550118565559387,
        0.3693423867225647,
        0.26183024048805237,
        0.25071483850479126,
        0.2851315140724182,
        0.2392478734254837,
        0.2746686339378357,
        0.28682050108909607,
        0.23974688351154327,
        0.2662699520587921,
        0.23649203777313232,
        0.2228463590145111,
        0.24059554934501648,
        0.2503826916217804,
        0.23055556416511536,
        0.26171907782554626,
        0.22112497687339783,
        0.25394898653030396,
        0.24465079605579376,
        0.22777871787548065,
        0.2531140446662903,
        0.21086367964744568,
        0.22682872414588928
    ],
    "reg_loss": [
        7.406672477722168,
        7.984279155731201,
        8.617690086364746,
        5.347834587097168,
        4.361914157867432,
        5.151771545410156,
        5.848592758178711,
        6.825364589691162,
        6.5995354652404785,
        2.940007209777832,
        5.351473331451416,
        5.4824934005737305,
        4.492649078369141,
        4.701355457305908,
        6.020481586456299,
        3.6623733043670654,
        5.2129130363464355,
        4.127990245819092,
        4.915059566497803,
        3.9397382736206055,
        3.8583931922912598,
        4.108725070953369,
        3.7763442993164062,
        4.654331684112549,
        4.177077293395996
    ],
    "class_accuracy": [
        0.9309553503990173,
        0.9771589636802673,
        0.9810179471969604,
        0.9842511415481567,
        0.9849812388420105,
        0.9892573952674866,
        0.9876929521560669,
        0.991134762763977,
        0.991134762763977,
        0.9922820329666138,
        0.9936378598213196,
        0.9929078221321106,
        0.9939507842063904,
        0.9945765733718872,
        0.9945765733718872,
        0.9957238435745239,
        0.995619535446167,
        0.9967668056488037,
        0.995202362537384,
        0.9965581893920898,
        0.9949937462806702,
        0.9969753623008728,
        0.9972882866859436,
        0.9965581893920898,
        0.9958280920982361
    ],
    "reg_mae": [
        0.2845907509326935,
        0.2399837225675583,
        0.23614585399627686,
        0.22986532747745514,
        0.2225247621536255,
        0.21534840762615204,
        0.20665565133094788,
        0.20118914544582367,
        0.19724850356578827,
        0.1934911012649536,
        0.18844549357891083,
        0.18944783508777618,
        0.18882830440998077,
        0.18722358345985413,
        0.18403704464435577,
        0.1800965517759323,
        0.18151749670505524,
        0.17868655920028687,
        0.1798575520515442,
        0.17876432836055756,
        0.1783846616744995,
        0.17757494747638702,
        0.17724566161632538,
        0.17495732009410858,
        0.17477470636367798
    ],
    "val_total_loss": [
        5.4969401359558105,
        4.656555652618408,
        4.961052417755127,
        4.415356636047363,
        3.9636497497558594,
        3.6374454498291016,
        3.588693857192993,
        3.173576831817627,
        2.9240458011627197,
        3.087592601776123,
        2.9407358169555664,
        2.9809675216674805,
        2.5720934867858887,
        2.588114023208618,
        2.542248010635376,
        2.4618382453918457,
        2.470364809036255,
        2.342200517654419,
        2.3623499870300293,
        2.3046531677246094,
        2.3154633045196533,
        2.2740912437438965,
        2.2676281929016113,
        2.248631715774536,
        2.1965036392211914
    ],
    "val_class_loss": [
        0.2713330090045929,
        0.24345028400421143,
        0.23689112067222595,
        0.22862961888313293,
        0.22615420818328857,
        0.2234521210193634,
        0.22259113192558289,
        0.21832168102264404,
        0.21721786260604858,
        0.2163076251745224,
        0.213738813996315,
        0.21355368196964264,
        0.21439224481582642,
        0.21395273506641388,
        0.213293194770813,
        0.21425428986549377,
        0.21425452828407288,
        0.2125159054994583,
        0.2129639983177185,
        0.21149775385856628,
        0.21243688464164734,
        0.21210846304893494,
        0.21368497610092163,
        0.21073396503925323,
        0.21160505712032318
    ],
    "val_reg_loss": [
        3.2175331115722656,
        2.72482967376709,
        2.9043312072753906,
        2.583819627761841,
        2.3182554244995117,
        2.1265294551849365,
        2.097902774810791,
        1.853967308998108,
        1.707249402999878,
        1.8035069704055786,
        1.7172715663909912,
        1.74094820022583,
        1.50038480758667,
        1.5098345279693604,
        1.4828932285308838,
        1.4355368614196777,
        1.4405524730682373,
        1.3652639389038086,
        1.3770902156829834,
        1.3432371616363525,
        1.3495409488677979,
        1.325223684310913,
        1.3213292360305786,
        1.3103283643722534,
        1.2796134948730469
    ],
    "val_class_accuracy": [
        0.996666669845581,
        0.9991666674613953,
        0.9983333349227905,
        0.9991666674613953,
        0.9991666674613953,
        0.9991666674613953,
        0.9991666674613953,
        0.9991666674613953,
        0.9991666674613953,
        0.9991666674613953,
        0.9991666674613953,
        0.9991666674613953,
        0.9991666674613953,
        0.9991666674613953,
        0.9991666674613953,
        0.9991666674613953,
        0.9991666674613953,
        0.9991666674613953,
        0.9991666674613953,
        0.9991666674613953,
        0.9991666674613953,
        0.9991666674613953,
        0.9991666674613953,
        0.9991666674613953,
        0.9991666674613953
    ],
    "val_reg_mae": [
        0.2509535253047943,
        0.2791096866130829,
        0.30536919832229614,
        0.2869867980480194,
        0.2635667324066162,
        0.2378559559583664,
        0.22465692460536957,
        0.20612770318984985,
        0.18790335953235626,
        0.19078867137432098,
        0.18278950452804565,
        0.1839367151260376,
        0.1624869406223297,
        0.16412796080112457,
        0.16470548510551453,
        0.1608220487833023,
        0.16273516416549683,
        0.15668939054012299,
        0.16259221732616425,
        0.1589280664920807,
        0.15942241251468658,
        0.15888574719429016,
        0.15783622860908508,
        0.15458379685878754,
        0.15338052809238434
    ],