{
    "total_loss": [
        14.250511169433594,
        13.04470157623291,
        15.069859504699707,
        12.035483360290527,
        8.456055641174316,
        9.57922649383545,
        13.516040802001953,
        8.182538986206055,
        5.06104850769043,
        9.777510643005371,
        5.1216607093811035,
        8.882933616638184,
        6.849030017852783,
        6.764792442321777,
        4.735690116882324,
        9.977197647094727,
        5.940615653991699,
        5.469462871551514,
        7.868370056152344,
        6.863304138183594,
        5.584325313568115,
        7.848179340362549,
        7.102855205535889,
        9.046398162841797,
        9.194903373718262
    ],
    "class_loss": [
        0.30080312490463257,
        0.24901917576789856,
        0.25965648889541626,
        0.23833580315113068,
        0.22307328879833221,
        0.22224295139312744,
        0.2406577169895172,
        0.23209717869758606,
        0.23489141464233398,
        0.23958246409893036,
        0.28125137090682983,
        0.24510648846626282,
        0.24348168075084686,
        0.23104755580425262,
        0.22733592987060547,
        0.2316737174987793,
        0.2631242275238037,
        0.2267748862504959,
        0.2234911024570465,
        0.21225014328956604,
        0.22142431139945984,
        0.2671983540058136,
        0.21213099360466003,
        0.22225017845630646,
        0.30921879410743713
    ],
    "reg_loss": [
        7.4686055183410645,
        6.839419841766357,
        7.904172897338867,
        6.3093767166137695,
        4.427074432373047,
        5.018303871154785,
        7.088373184204102,
        4.282168388366699,
        2.638984203338623,
        5.1208391189575195,
        2.6660056114196777,
        4.64942741394043,
        3.579123020172119,
        3.5360963344573975,
        2.468538284301758,
        5.226770401000977,
        3.098942756652832,
        2.8547937870025635,
        4.117722034454346,
        3.58992338180542,
        2.9158108234405518,
        4.102494716644287,
        3.716015338897705,
        4.737867832183838,
        4.806873321533203
    ],
    "class_accuracy": [
        0.9539006948471069,
        0.9858155846595764,
        0.987484335899353,
        0.9908218383789062,
        0.9917605519294739,
        0.9935336112976074,
        0.9946808218955994,
        0.995932400226593,
        0.995202362537384,
        0.9953066110610962,
        0.9962453246116638,
        0.9976011514663696,
        0.9973925948143005,
        0.9967668056488037,
        0.9966624975204468,
        0.9965581893920898,
        0.9967668056488037,
        0.9970796704292297,
        0.9980183839797974,
        0.9977054595947266,
        0.9978097677230835,
        0.9971839785575867,
        0.9976011514663696,
        0.9979140758514404,
        0.9971839785575867
    ],
    "reg_mae": [
        0.2638617753982544,
        0.22824616730213165,
        0.21885569393634796,
        0.20478279888629913,
        0.19633451104164124,
        0.19005881249904633,
        0.1851291060447693,
        0.18027126789093018,
        0.17676779627799988,
        0.17514722049236298,
        0.17247438430786133,
        0.1703709363937378,
        0.17030459642410278,
        0.16919569671154022,
        0.16899988055229187,
        0.16770415008068085,
        0.16606545448303223,
        0.1649995893239975,
        0.16535799205303192,
        0.16553066670894623,
        0.16536980867385864,
        0.16410326957702637,
        0.16236120462417603,
        0.1628662794828415,
        0.16304278373718262
    ],
    "val_total_loss": [
        4.959442615509033,
        4.311672210693359,
        3.934781074523926,
        3.568355083465576,
        3.6046481132507324,
        3.1519973278045654,
        3.062617063522339,
        2.9299511909484863,
        2.884946346282959,
        2.6762139797210693,
        2.4333956241607666,
        2.376845121383667,
        2.340228319168091,
        2.1830620765686035,
        1.9870163202285767,
        1.956839919090271,
        1.8649729490280151,
        1.7949355840682983,
        1.6701916456222534,
        1.6196682453155518,
        1.6372848749160767,
        1.5828691720962524,
        1.6007781028747559,
        1.564670205116272,
        1.587504267692566
    ],
    "val_class_loss": [
        0.25760674476623535,
        0.22962751984596252,
        0.2215995341539383,
        0.2198241949081421,
        0.21256804466247559,
        0.21818190813064575,
        0.21293887495994568,
        0.21424321830272675,
        0.20942652225494385,
        0.2095397710800171,
        0.21048574149608612,
        0.20643934607505798,
        0.20744261145591736,
        0.2063082754611969,
        0.2064337134361267,
        0.2069072425365448,
        0.2075914740562439,
        0.20509400963783264,
        0.20584124326705933,
        0.20482781529426575,
        0.2044578194618225,
        0.20528815686702728,
        0.20361453294754028,
        0.20525339245796204,
        0.20512858033180237
    ],
    "val_reg_loss": [
        2.5831165313720703,
        2.2451298236846924,
        2.0476112365722656,
        1.8549422025680542,
        1.874807596206665,
        1.6359795331954956,
        1.5894891023635864,
        1.5195276737213135,
        1.4963479042053223,
        1.3864768743515015,
        1.2585781812667847,
        1.2292406558990479,
        1.2098631858825684,
        1.1272634267807007,
        1.0240682363510132,
        1.0081360340118408,
        0.9597129821777344,
        0.9231140613555908,
        0.857380747795105,
        0.8308961391448975,
        0.840207040309906,
        0.8114798069000244,
        0.8210816383361816,
        0.8019050359725952,
        0.8139360547065735
    ],
    "val_class_accuracy": [
        0.9991666674613953,
        0.9991666674613953,
        1.0,
        0.9991666674613953,
        1.0,
        0.9991666674613953,
        0.9991666674613953,
        0.9991666674613953,
        0.9991666674613953,
        0.9991666674613953,
        0.9991666674613953,
        0.9991666674613953,
        0.9991666674613953,
        0.9991666674613953,
        0.9991666674613953,
        0.9991666674613953,
        0.9991666674613953,
        0.9991666674613953,
        0.9991666674613953,
        0.9991666674613953,
        1.0,
        1.0,
        1.0,
        1.0,
        0.9991666674613953
    ],
    "val_reg_mae": [
        0.297892302274704,
        0.30582040548324585,
        0.287840336561203,
        0.25838011503219604,
        0.2577877640724182,
        0.23791010677814484,
        0.2282494157552719,
        0.2110161930322647,
        0.21256768703460693,
        0.2005436271429062,
        0.18432240188121796,
        0.18409256637096405,
        0.17841863632202148,
        0.16822868585586548,
        0.1611344814300537,
        0.16189739108085632,
        0.15847499668598175,
        0.15850237011909485,
        0.15570946037769318,
        0.15051375329494476,
        0.14885614812374115,
        0.1482730656862259,
        0.14601655304431915,
        0.1456269770860672,
        0.14669498801231384
    ],