{
    "total_loss": [
        15.795658111572266,
        17.327165603637695,
        8.149367332458496,
        12.903615951538086,
        11.696840286254883,
        7.711620807647705,
        9.57376766204834,
        11.3854341506958,
        11.005634307861328,
        8.129473686218262,
        7.346517562866211,
        7.947874069213867,
        5.642526626586914,
        5.932384490966797,
        8.06713581085205,
        9.810286521911621,
        8.839926719665527,
        3.4385242462158203,
        7.75971794128418,
        10.12203598022461,
        5.312588214874268,
        4.0858683586120605,
        4.9344353675842285,
        7.1130194664001465,
        7.615525722503662
    ],
    "class_loss": [
        0.3196112811565399,
        0.2897395193576813,
        0.2471739947795868,
        0.2751670777797699,
        0.3140794634819031,
        0.23662292957305908,
        0.23807474970817566,
        0.21387675404548645,
        0.2797296643257141,
        0.22395053505897522,
        0.22808849811553955,
        0.21816034615039825,
        0.24024991691112518,
        0.2318871021270752,
        0.22173452377319336,
        0.21382740139961243,
        0.2232612669467926,
        0.2161327302455902,
        0.2238195389509201,
        0.27334240078926086,
        0.25036728382110596,
        0.21004638075828552,
        0.21847620606422424,
        0.21597597002983093,
        0.2105637788772583
    ],
    "reg_loss": [
        8.296682357788086,
        9.104310989379883,
        4.276131629943848,
        6.776894569396973,
        6.1397013664245605,
        4.046294212341309,
        5.026294708251953,
        5.981077194213867,
        5.777716636657715,
        4.266883373260498,
        3.854583501815796,
        4.171609401702881,
        2.957106113433838,
        3.110103130340576,
        4.234190464019775,
        5.152054786682129,
        4.640842437744141,
        1.7983741760253906,
        4.072282314300537,
        5.3130011558532715,
        2.78292179107666,
        2.139401912689209,
        2.5855724811553955,
        3.732327461242676,
        3.997089385986328
    ],
    "class_accuracy": [
        0.9569253325462341,
        0.9851897954940796,
        0.9873800873756409,
        0.9909261465072632,
        0.9930120706558228,
        0.9917605519294739,
        0.991969108581543,
        0.9944722652435303,
        0.9953066110610962,
        0.9961410164833069,
        0.9941593408584595,
        0.9964538812637329,
        0.9964538812637329,
        0.9963496327400208,
        0.9968711137771606,
        0.9970796704292297,
        0.9974968433380127,
        0.9973925948143005,
        0.9978097677230835,
        0.9979140758514404,
        0.9977054595947266,
        0.9977054595947266,
        0.9982269406318665,
        0.9977054595947266,
        0.9970796704292297
    ],
    "reg_mae": [
        0.27327343821525574,
        0.22710521519184113,
        0.21357059478759766,
        0.20668372511863708,
        0.2015952318906784,
        0.1932961493730545,
        0.190656378865242,
        0.18501223623752594,
        0.18244652450084686,
        0.1799192875623703,
        0.1777649223804474,
        0.1740068793296814,
        0.17366757988929749,
        0.17133598029613495,
        0.17047210037708282,
        0.171513631939888,
        0.16862469911575317,
        0.1686801314353943,
        0.16833660006523132,
        0.16817310452461243,
        0.16716624796390533,
        0.16769589483737946,
        0.16503630578517914,
        0.16697488725185394,
        0.16658887267112732
    ],
    "val_total_loss": [
        4.837608814239502,
        3.5898280143737793,
        3.4478495121002197,
        2.75272798538208,
        2.7115304470062256,
        2.7642061710357666,
        2.468249559402466,
        2.4612905979156494,
        2.6566717624664307,
        2.0123252868652344,
        2.4864909648895264,
        2.2305867671966553,
        2.2834882736206055,
        2.0487515926361084,
        1.976226568222046,
        2.0205905437469482,
        2.029977321624756,
        2.1017441749572754,
        2.0100231170654297,
        1.9721211194992065,
        2.007983684539795,
        2.052372694015503,
        2.0615313053131104,
        1.9625327587127686,
        1.8905086517333984
    ],
    "val_class_loss": [
        0.2528855800628662,
        0.2190694808959961,
        0.22023795545101166,
        0.21819323301315308,
        0.21222899854183197,
        0.2082051932811737,
        0.21080060303211212,
        0.20947909355163574,
        0.21012218296527863,
        0.20760279893875122,
        0.20731663703918457,
        0.20666715502738953,
        0.2060507833957672,
        0.20646995306015015,
        0.20613044500350952,
        0.20633180439472198,
        0.2047901600599289,
        0.20541912317276,
        0.20415566861629486,
        0.20458868145942688,
        0.20377673208713531,
        0.2046031951904297,
        0.20401537418365479,
        0.20405443012714386,
        0.20378823578357697
    ],
    "val_reg_loss": [
        2.5328001976013184,
        1.877853274345398,
        1.8030662536621094,
        1.437320351600647,
        1.4159513711929321,
        1.4438871145248413,
        1.287984013557434,
        1.284390926361084,
        1.3871891498565674,
        1.0481921434402466,
        1.2977681159973145,
        1.1631158590316772,
        1.1909911632537842,
        1.0674234628677368,
        1.0292702913284302,
        1.0526092052459717,
        1.0576307773590088,
        1.095369577407837,
        1.0471618175506592,
        1.0271906852722168,
        1.0461084842681885,
        1.0694276094436646,
        1.0742788314819336,
        1.0221723318099976,
        0.9842788577079773
    ],
    "val_class_accuracy": [
        0.9975000023841858,
        0.9991666674613953,
        0.9991666674613953,
        0.9991666674613953,
        1.0,
        1.0,
        1.0,
        1.0,
        1.0,
        1.0,
        1.0,
        1.0,
        1.0,
        1.0,
        1.0,
        1.0,
        1.0,
        1.0,
        1.0,
        1.0,
        1.0,
        1.0,
        1.0,
        1.0,
        1.0
    ],
    "val_reg_mae": [
        0.26182234287261963,
        0.2239696979522705,
        0.21935603022575378,
        0.18780456483364105,
        0.17734330892562866,
        0.17026758193969727,
        0.16789670288562775,
        0.16279363632202148,
        0.1719905585050583,
        0.15273414552211761,
        0.17180109024047852,
        0.15640391409397125,
        0.1622890830039978,
        0.15078367292881012,
        0.1507987678050995,
        0.15743157267570496,
        0.15400145947933197,
        0.15875133872032166,
        0.15523551404476166,
        0.1508169025182724,
        0.15322192013263702,
        0.15630915760993958,
        0.1579064428806305,
        0.15440766513347626,
        0.15087652206420898
    ],
    "lr": [
        9.999999747378752e-05,
        9.000000136438757e-05,
        8.099999831756577e-05,
        7.2900002123788e-05,
        6.56100019114092e-05,
        5.904900172026828e-05,
        5.314410009304993e-05,
        4.7829689719947055e-05,
        4.304672256694175e-05,
        3.874204776366241e-05,
        3.4867844078689814e-05,
        3.138105967082083e-05,
        2.824295370373875e-05,
        2.5418657969566993e-05,
        2.2876793082104996e-05,
        2.0589113773894496e-05,
        1.8530201487010345e-05,
        1.6677182429702953e-05,
        1.5009463822934777e-05,
        1.3508517440641299e-05,
        1.215766587847611e-05,
        1.0941898835881148e-05,
        9.847709407040384e-06,
        8.862938557285815e-06,
        7.976644155860413e-06
    ]
}