{
    "total_loss": [
        4.8474202156066895,
        5.244584560394287,
        4.0516557693481445,
        2.821106195449829,
        4.85875129699707,
        5.009469509124756,
        3.8329384326934814,
        3.686075210571289,
        2.58528208732605,
        3.635302782058716,
        3.5373880863189697,
        3.802718162536621,
        4.155218124389648,
        3.4668729305267334,
        3.5093836784362793,
        4.241446018218994,
        3.4987192153930664,
        2.6808812618255615,
        2.80202579498291,
        2.879110336303711,
        3.2695107460021973,
        2.7091825008392334,
        3.8092381954193115,
        3.273158073425293,
        3.666278123855591,
        2.890634059906006,
        2.4685006141662598,
        2.687272548675537,
        2.566615104675293,
        2.7882070541381836,
        3.0921640396118164,
        3.148139715194702,
        3.4283127784729004,
        2.4024391174316406,
        3.5654613971710205,
        2.980778217315674,
        2.470829963684082,
        3.023921012878418,
        3.1048178672790527,
        2.4179372787475586,
        2.588407278060913,
        1.798163890838623,
        2.7280471324920654,
        2.6062588691711426,
        2.6383142471313477,
        2.2648367881774902,
        1.7579407691955566,
        3.3422820568084717,
        2.169450044631958,
        2.5396158695220947
    ],
    "class_loss": [
        0.9482691884040833,
        0.611699104309082,
        0.5658482313156128,
        0.4637818932533264,
        0.45776352286338806,
        0.38684695959091187,
        0.2905314266681671,
        0.298041969537735,
        0.26489177346229553,
        0.24159786105155945,
        0.28401705622673035,
        0.2729434370994568,
        0.25024229288101196,
        0.2548013925552368,
        0.22349275648593903,
        0.2273506373167038,
        0.23150362074375153,
        0.2291010171175003,
        0.21546006202697754,
        0.21517091989517212,
        0.21043998003005981,
        0.2134270966053009,
        0.22460682690143585,
        0.24168676137924194,
        0.23292019963264465,
        0.2206755429506302,
        0.229808509349823,
        0.21315962076187134,
        0.2194386124610901,
        0.20941995084285736,
        0.22541242837905884,
        0.2624392509460449,
        0.2335471361875534,
        0.20925204455852509,
        0.2254403978586197,
        0.22378335893154144,
        0.2277003973722458,
        0.2150171399116516,
        0.21245668828487396,
        0.23096677660942078,
        0.21769388020038605,
        0.22630593180656433,
        0.21177619695663452,
        0.21927349269390106,
        0.21305853128433228,
        0.2141982913017273,
        0.20817039906978607,
        0.2179318517446518,
        0.22065596282482147,
        0.20950625836849213
    ],
    "reg_loss": [
        2.18664288520813,
        2.469367504119873,
        1.8843657970428467,
        1.2946076393127441,
        2.314934730529785,
        2.4080231189727783,
        1.8438363075256348,
        1.7685271501541138,
        1.226418137550354,
        1.7572519779205322,
        1.6976897716522217,
        1.8331232070922852,
        2.0150485038757324,
        1.6697361469268799,
        1.6988186836242676,
        2.063885450363159,
        1.691483736038208,
        1.2831653356552124,
        1.3471479415893555,
        1.3857624530792236,
        1.5821453332901,
        1.301234483718872,
        1.8484673500061035,
        1.5761573314666748,
        1.7749090194702148,
        1.3901481628417969,
        1.1767982244491577,
        1.290346384048462,
        1.2284479141235352,
        1.341748595237732,
        1.4897289276123047,
        1.5084600448608398,
        1.6557695865631104,
        1.1489065885543823,
        1.7263705730438232,
        1.4344432353973389,
        1.1784899234771729,
        1.4582061767578125,
        1.4992947578430176,
        1.1512269973754883,
        1.2397801876068115,
        0.8425054550170898,
        1.311079502105713,
        1.2483110427856445,
        1.265892505645752,
        1.0788688659667969,
        0.8269277811050415,
        1.616658091545105,
        1.0295610427856445,
        1.2174314260482788
    ],
    "class_accuracy": [
        0.5609756112098694,
        0.6084010601043701,
        0.7005420327186584,
        0.8048780560493469,
        0.8888888955116272,
        0.9173441529273987,
        0.9552845358848572,
        0.9701896905899048,
        0.9756097793579102,
        0.9850948452949524,
        0.9905149340629578,
        0.989159882068634,
        0.9972899556159973,
        0.9972899556159973,
        0.9972899556159973,
        0.9959349632263184,
        0.9972899556159973,
        0.998645007610321,
        0.9959349632263184,
        0.998645007610321,
        0.9972899556159973,
        1.0,
        0.9945799708366394,
        1.0,
        1.0,
        1.0,
        0.998645007610321,
        1.0,
        1.0,
        1.0,
        1.0,
        0.998645007610321,
        0.998645007610321,
        1.0,
        1.0,
        1.0,
        1.0,
        1.0,
        1.0,
        1.0,
        1.0,
        1.0,
        1.0,
        1.0,
        0.998645007610321,
        1.0,
        1.0,
        1.0,
        1.0,
        1.0
    ],
    "reg_mae": [
        0.19478367269039154,
        0.18411877751350403,
        0.16978920996189117,
        0.16551898419857025,
        0.16394031047821045,
        0.1626223474740982,
        0.15763290226459503,
        0.1529187560081482,
        0.15303963422775269,
        0.1522895246744156,
        0.1511305868625641,
        0.14612065255641937,
        0.1440592259168625,
        0.14379718899726868,
        0.1440015584230423,
        0.14157061278820038,
        0.14544205367565155,
        0.13777591288089752,
        0.13576948642730713,
        0.1398967057466507,
        0.13463270664215088,
        0.1356341689825058,
        0.13254964351654053,
        0.1341710239648819,
        0.13138937950134277,
        0.12935669720172882,
        0.12724465131759644,
        0.12666235864162445,
        0.13196848332881927,
        0.1280234009027481,
        0.12591558694839478,
        0.1270565390586853,
        0.12910284101963043,
        0.12777943909168243,
        0.12288118898868561,
        0.12350516766309738,
        0.12132976204156876,
        0.12617364525794983,
        0.12384437769651413,
        0.12495588511228561,
        0.12232877314090729,
        0.12198328971862793,
        0.12063223123550415,
        0.12085862457752228,
        0.12470509111881256,
        0.11830536276102066,
        0.11765264719724655,
        0.11990465968847275,
        0.1196955144405365,
        0.1214909553527832
    ],