{
    "class_weight": 0.1,
    "reg_weight": 1.9,
    "learning_rate": 0.0001,
    "batch_size": 96,
    "dropout_rate": 0.6,
    "epochs": 25,
    "early_stopping_patience": 7,
    "reduce_lr_patience": 4,
    "lr_decay_rate": 0.9,
    "combination_id": 9,
    "final_train_total_loss": 7.615525722503662,
    "final_train_class_loss": 0.2105637788772583,
    "final_train_reg_loss": 3.997089385986328,
    "final_train_class_accuracy": 0.9970796704292297,
    "final_train_reg_mae": 0.16658887267112732,
    "final_val_total_loss": 1.8905086517333984,
    "final_val_class_loss": 0.20378823578357697,
    "final_val_reg_loss": 0.9842788577079773,
    "final_val_class_accuracy": 1.0,
    "final_val_reg_mae": 0.15087652206420898,
    "best_train_total_loss": 3.4385242462158203,
    "best_train_class_loss": 0.21004638075828552,
    "best_train_reg_loss": 1.7983741760253906,
    "best_train_class_accuracy": 0.9982269406318665,
    "best_train_reg_mae": 0.16503630578517914,
    "best_val_total_loss": 1.8905086517333984,
    "best_val_class_loss": 0.20377673208713531,
    "best_val_reg_loss": 0.9842788577079773,
    "best_val_class_accuracy": 1.0,
    "best_val_reg_mae": 0.15078367292881012,
    "training_time": 7.3,
    "epochs_trained": 25,
    "stopped_early": false,
    "model_dir": "models/face_detection_20250130_114441",
    "evaluation": {
        "test_total_loss": 9.385403633117676,
        "test_class_loss": 0.2046574056148529,
        "test_class_accuracy": 1.0,
        "test_class_precision": 1.0,
        "test_class_recall": 1.0,
        "test_f1_score": 1.0,
        "test_reg_loss": 4.928915500640869,
        "test_reg_mae": 0.1504121869802475,
        "test_reg_mse": 0.06489264965057373,
        "test_reg_rmse": 0.2547403573989868
    }
}