{
    "class_weight": 0.1,
    "reg_weight": 1.8,
    "learning_rate": 0.0001,
    "batch_size": 128,
    "dropout_rate": 0.7,
    "epochs": 25,
    "early_stopping_patience": 7,
    "reduce_lr_patience": 4,
    "lr_decay_rate": 0.9,
    "combination_id": 8,
    "final_train_total_loss": 5.298842430114746,
    "final_train_class_loss": 0.2167581021785736,
    "final_train_reg_loss": 2.9317593574523926,
    "final_train_class_accuracy": 0.9968711137771606,
    "final_train_reg_mae": 0.16849951446056366,
    "final_val_total_loss": 2.0698492527008057,
    "final_val_class_loss": 0.20552024245262146,
    "final_val_reg_loss": 1.1384985446929932,
    "final_val_class_accuracy": 0.9991666674613953,
    "final_val_reg_mae": 0.16478854417800903,
    "best_train_total_loss": 4.146960735321045,
    "best_train_class_loss": 0.2167581021785736,
    "best_train_reg_loss": 2.2879834175109863,
    "best_train_class_accuracy": 0.9974968433380127,
    "best_train_reg_mae": 0.16849951446056366,
    "best_val_total_loss": 2.0698492527008057,
    "best_val_class_loss": 0.20552024245262146,
    "best_val_reg_loss": 1.1384985446929932,
    "best_val_class_accuracy": 0.9991666674613953,
    "best_val_reg_mae": 0.16478854417800903,
    "training_time": 7.63,
    "epochs_trained": 25,
    "stopped_early": false,
    "model_dir": "models/face_detection_20250130_113656",
    "evaluation": {
        "test_total_loss": 11.41043758392334,
        "test_class_loss": 0.20679263770580292,
        "test_class_accuracy": 1.0,
        "test_class_precision": 1.0,
        "test_class_recall": 1.0,
        "test_f1_score": 1.0,
        "test_reg_loss": 6.327642440795898,
        "test_reg_mae": 0.16433770954608917,
        "test_reg_mse": 0.07711661607027054,
        "test_reg_rmse": 0.2776987850666046
    }
}