{
    "class_weight": 0.1,
    "reg_weight": 1.9,
    "learning_rate": 0.0001,
    "batch_size": 128,
    "dropout_rate": 0.7,
    "epochs": 25,
    "early_stopping_patience": 7,
    "reduce_lr_patience": 4,
    "lr_decay_rate": 0.9,
    "combination_id": 12,
    "final_train_total_loss": 6.915952205657959,
    "final_train_class_loss": 0.22484171390533447,
    "final_train_reg_loss": 3.628141164779663,
    "final_train_class_accuracy": 0.9965581893920898,
    "final_train_reg_mae": 0.17137062549591064,
    "final_val_total_loss": 2.437305450439453,
    "final_val_class_loss": 0.20761194825172424,
    "final_val_reg_loss": 1.2718653678894043,
    "final_val_class_accuracy": 1.0,
    "final_val_reg_mae": 0.16319036483764648,
    "best_train_total_loss": 5.242002487182617,
    "best_train_class_loss": 0.21092358231544495,
    "best_train_reg_loss": 2.747847318649292,
    "best_train_class_accuracy": 0.9972882866859436,
    "best_train_reg_mae": 0.1696653664112091,
    "best_val_total_loss": 2.377108573913574,
    "best_val_class_loss": 0.20761194825172424,
    "best_val_reg_loss": 1.2401816844940186,
    "best_val_class_accuracy": 1.0,
    "best_val_reg_mae": 0.15937171876430511,
    "training_time": 7.77,
    "epochs_trained": 25,
    "stopped_early": false,
    "model_dir": "models/face_detection_20250130_120249",
    "evaluation": {
        "test_total_loss": 11.944828987121582,
        "test_class_loss": 0.20779429376125336,
        "test_class_accuracy": 1.0,
        "test_class_precision": 1.0,
        "test_class_recall": 1.0,
        "test_f1_score": 1.0,
        "test_reg_loss": 6.275816440582275,
        "test_reg_mae": 0.16387563943862915,
        "test_reg_mse": 0.0758129209280014,
        "test_reg_rmse": 0.2753414511680603
    }
}