{
    "class_weight": 0.2,
    "reg_weight": 1.7,
    "learning_rate": 0.0001,
    "batch_size": 128,
    "dropout_rate": 0.6,
    "epochs": 25,
    "early_stopping_patience": 7,
    "reduce_lr_patience": 4,
    "lr_decay_rate": 0.9,
    "combination_id": 15,
    "final_train_total_loss": 3.1514511108398438,
    "final_train_class_loss": 0.3089924156665802,
    "final_train_reg_loss": 1.8174426555633545,
    "final_train_class_accuracy": 0.9976011514663696,
    "final_train_reg_mae": 0.16986455023288727,
    "final_val_total_loss": 1.7655233144760132,
    "final_val_class_loss": 0.20609280467033386,
    "final_val_reg_loss": 1.0142968893051147,
    "final_val_class_accuracy": 0.9991666674613953,
    "final_val_reg_mae": 0.15139086544513702,
    "best_train_total_loss": 3.1514511108398438,
    "best_train_class_loss": 0.22072140872478485,
    "best_train_reg_loss": 1.8174426555633545,
    "best_train_class_accuracy": 0.9976011514663696,
    "best_train_reg_mae": 0.16986455023288727,
    "best_val_total_loss": 1.6850193738937378,
    "best_val_class_loss": 0.20503421127796173,
    "best_val_reg_loss": 0.9667133092880249,
    "best_val_class_accuracy": 0.9991666674613953,
    "best_val_reg_mae": 0.15005947649478912,
    "training_time": 4.81,
    "epochs_trained": 16,
    "stopped_early": true,
    "model_dir": "models/face_detection_20250130_122606",
    "evaluation": {
        "test_total_loss": 9.500956535339355,
        "test_class_loss": 0.20994369685649872,
        "test_class_accuracy": 1.0,
        "test_class_precision": 1.0,
        "test_class_recall": 1.0,
        "test_f1_score": 1.0,
        "test_reg_loss": 5.564098358154297,
        "test_reg_mae": 0.1561003029346466,
        "test_reg_mse": 0.06761673092842102,
        "test_reg_rmse": 0.26003217697143555
    }
}