{
    "class_weight": 0.2,
    "reg_weight": 1.8,
    "learning_rate": 0.0001,
    "batch_size": 96,
    "dropout_rate": 0.7,
    "epochs": 25,
    "early_stopping_patience": 7,
    "reduce_lr_patience": 4,
    "lr_decay_rate": 0.9,
    "combination_id": 18,
    "final_train_total_loss": 8.65468978881836,
    "final_train_class_loss": 0.2392638623714447,
    "final_train_reg_loss": 4.781576156616211,
    "final_train_class_accuracy": 0.9963496327400208,
    "final_train_reg_mae": 0.16867347061634064,
    "final_val_total_loss": 2.272152900695801,
    "final_val_class_loss": 0.2104760706424713,
    "final_val_reg_loss": 1.2389209270477295,
    "final_val_class_accuracy": 0.9991666674613953,
    "final_val_reg_mae": 0.15932773053646088,
    "best_train_total_loss": 5.279872894287109,
    "best_train_class_loss": 0.21790571510791779,
    "best_train_reg_loss": 2.9077370166778564,
    "best_train_class_accuracy": 0.9971839785575867,
    "best_train_reg_mae": 0.1682559996843338,
    "best_val_total_loss": 2.272152900695801,
    "best_val_class_loss": 0.21018293499946594,
    "best_val_reg_loss": 1.2389209270477295,
    "best_val_class_accuracy": 0.9991666674613953,
    "best_val_reg_mae": 0.15932773053646088,
    "training_time": 7.42,
    "epochs_trained": 25,
    "stopped_early": false,
    "model_dir": "models/face_detection_20250130_124148",
    "evaluation": {
        "test_total_loss": 11.245434761047363,
        "test_class_loss": 0.20890414714813232,
        "test_class_accuracy": 1.0,
        "test_class_precision": 1.0,
        "test_class_recall": 1.0,
        "test_f1_score": 1.0,
        "test_reg_loss": 6.224252223968506,
        "test_reg_mae": 0.15905223786830902,
        "test_reg_mse": 0.07041531801223755,
        "test_reg_rmse": 0.2653588354587555
    }
}