{
    "class_weight": 0.2,
    "reg_weight": 1.7,
    "learning_rate": 0.0001,
    "batch_size": 96,
    "dropout_rate": 0.6,
    "epochs": 25,
    "early_stopping_patience": 7,
    "reduce_lr_patience": 4,
    "lr_decay_rate": 0.9,
    "combination_id": 13,
    "final_train_total_loss": 6.853307247161865,
    "final_train_class_loss": 0.23210735619068146,
    "final_train_reg_loss": 4.004050254821777,
    "final_train_class_accuracy": 0.9976011514663696,
    "final_train_reg_mae": 0.16788361966609955,
    "final_val_total_loss": 1.4732946157455444,
    "final_val_class_loss": 0.20282813906669617,
    "final_val_reg_loss": 0.8427817225456238,
    "final_val_class_accuracy": 1.0,
    "final_val_reg_mae": 0.1502513438463211,
    "best_train_total_loss": 4.07712459564209,
    "best_train_class_loss": 0.2159806787967682,
    "best_train_reg_loss": 2.3719685077667236,
    "best_train_class_accuracy": 0.9980183839797974,
    "best_train_reg_mae": 0.16669653356075287,
    "best_val_total_loss": 1.4716018438339233,
    "best_val_class_loss": 0.20282813906669617,
    "best_val_reg_loss": 0.8415858745574951,
    "best_val_class_accuracy": 1.0,
    "best_val_reg_mae": 0.14762075245380402,
    "training_time": 7.38,
    "epochs_trained": 24,
    "stopped_early": true,
    "model_dir": "models/face_detection_20250130_121042",
    "evaluation": {
        "test_total_loss": 8.683897972106934,
        "test_class_loss": 0.20673994719982147,
        "test_class_accuracy": 1.0,
        "test_class_precision": 1.0,
        "test_class_recall": 1.0,
        "test_f1_score": 1.0,
        "test_reg_loss": 5.083852767944336,
        "test_reg_mae": 0.15004555881023407,
        "test_reg_mse": 0.06531044840812683,
        "test_reg_rmse": 0.2555590867996216
    }
}