{
    "class_weight": 0.1,
    "reg_weight": 1.7,
    "learning_rate": 0.0001,
    "batch_size": 128,
    "dropout_rate": 0.7,
    "epochs": 25,
    "early_stopping_patience": 7,
    "reduce_lr_patience": 4,
    "lr_decay_rate": 0.9,
    "combination_id": 4,
    "final_train_total_loss": 6.472285270690918,
    "final_train_class_loss": 0.24605202674865723,
    "final_train_reg_loss": 3.792752742767334,
    "final_train_class_accuracy": 0.995202362537384,
    "final_train_reg_mae": 0.18757082521915436,
    "final_val_total_loss": 2.254625082015991,
    "final_val_class_loss": 0.21077744662761688,
    "final_val_reg_loss": 1.3138513565063477,
    "final_val_class_accuracy": 1.0,
    "final_val_reg_mae": 0.167096346616745,
    "best_train_total_loss": 6.472285270690918,
    "best_train_class_loss": 0.22776806354522705,
    "best_train_reg_loss": 3.792752742767334,
    "best_train_class_accuracy": 0.995202362537384,
    "best_train_reg_mae": 0.18757082521915436,
    "best_val_total_loss": 2.049043655395508,
    "best_val_class_loss": 0.21077744662761688,
    "best_val_reg_loss": 1.1925488710403442,
    "best_val_class_accuracy": 1.0,
    "best_val_reg_mae": 0.16141396760940552,
    "training_time": 4.58,
    "epochs_trained": 15,
    "stopped_early": true,
    "model_dir": "models/face_detection_20250130_111357",
    "evaluation": {
        "test_total_loss": 9.164501190185547,
        "test_class_loss": 0.2169894129037857,
        "test_class_accuracy": 1.0,
        "test_class_precision": 1.0,
        "test_class_recall": 1.0,
        "test_f1_score": 1.0,
        "test_reg_loss": 5.378118515014648,
        "test_reg_mae": 0.17919383943080902,
        "test_reg_mse": 0.06739268451929092,
        "test_reg_rmse": 0.25960099697113037
    }
}