{
    "class_weight": 0.2,
    "reg_weight": 1.9,
    "learning_rate": 0.0001,
    "batch_size": 128,
    "dropout_rate": 0.6,
    "epochs": 25,
    "early_stopping_patience": 7,
    "reduce_lr_patience": 4,
    "lr_decay_rate": 0.9,
    "combination_id": 23,
    "final_train_total_loss": 5.183373928070068,
    "final_train_class_loss": 0.22556300461292267,
    "final_train_reg_loss": 2.704348087310791,
    "final_train_class_accuracy": 0.9971839785575867,
    "final_train_reg_mae": 0.1625511795282364,
    "final_val_total_loss": 2.104058265686035,
    "final_val_class_loss": 0.2037523090839386,
    "final_val_reg_loss": 1.0859514474868774,
    "final_val_class_accuracy": 0.9991666674613953,
    "final_val_reg_mae": 0.15454787015914917,
    "best_train_total_loss": 3.7216944694519043,
    "best_train_class_loss": 0.20971576869487762,
    "best_train_reg_loss": 1.9322149753570557,
    "best_train_class_accuracy": 0.9984355568885803,
    "best_train_reg_mae": 0.1625511795282364,
    "best_val_total_loss": 2.104058265686035,
    "best_val_class_loss": 0.20338839292526245,
    "best_val_reg_loss": 1.0859514474868774,
    "best_val_class_accuracy": 1.0,
    "best_val_reg_mae": 0.15133433043956757,
    "training_time": 7.29,
    "epochs_trained": 25,
    "stopped_early": false,
    "model_dir": "models/face_detection_20250130_131351",
    "evaluation": {
        "test_total_loss": 10.55650520324707,
        "test_class_loss": 0.2053036242723465,
        "test_class_accuracy": 1.0,
        "test_class_precision": 1.0,
        "test_class_recall": 1.0,
        "test_f1_score": 1.0,
        "test_reg_loss": 5.5344438552856445,
        "test_reg_mae": 0.1526319533586502,
        "test_reg_mse": 0.06827311217784882,
        "test_reg_rmse": 0.2612912356853485
    }
}