{
    "class_weight": 0.2,
    "reg_weight": 1.9,
    "learning_rate": 0.0001,
    "batch_size": 128,
    "dropout_rate": 0.7,
    "epochs": 25,
    "early_stopping_patience": 7,
    "reduce_lr_patience": 4,
    "lr_decay_rate": 0.9,
    "combination_id": 24,
    "final_train_total_loss": 12.10728645324707,
    "final_train_class_loss": 0.2444199025630951,
    "final_train_reg_loss": 6.346527576446533,
    "final_train_class_accuracy": 0.9968711137771606,
    "final_train_reg_mae": 0.1739329695701599,
    "final_val_total_loss": 2.206002712249756,
    "final_val_class_loss": 0.21113795042037964,
    "final_val_reg_loss": 1.1388291120529175,
    "final_val_class_accuracy": 0.9991666674613953,
    "final_val_reg_mae": 0.16075673699378967,
    "best_train_total_loss": 4.276390552520752,
    "best_train_class_loss": 0.21585790812969208,
    "best_train_reg_loss": 2.2280101776123047,
    "best_train_class_accuracy": 0.9974968433380127,
    "best_train_reg_mae": 0.1739329695701599,
    "best_val_total_loss": 2.204174041748047,
    "best_val_class_loss": 0.21101826429367065,
    "best_val_reg_loss": 1.1377677917480469,
    "best_val_class_accuracy": 0.9991666674613953,
    "best_val_reg_mae": 0.1551942378282547,
    "training_time": 7.33,
    "epochs_trained": 25,
    "stopped_early": false,
    "model_dir": "models/face_detection_20250130_132115",
    "evaluation": {
        "test_total_loss": 10.72217082977295,
        "test_class_loss": 0.20906494557857513,
        "test_class_accuracy": 1.0,
        "test_class_precision": 1.0,
        "test_class_recall": 1.0,
        "test_f1_score": 1.0,
        "test_reg_loss": 5.621243000030518,
        "test_reg_mae": 0.1588687002658844,
        "test_reg_mse": 0.0698244720697403,
        "test_reg_rmse": 0.2642432153224945
    }
}