{
    "class_weight": 0.2,
    "reg_weight": 1.9,
    "learning_rate": 0.0001,
    "batch_size": 96,
    "dropout_rate": 0.6,
    "epochs": 25,
    "early_stopping_patience": 7,
    "reduce_lr_patience": 4,
    "lr_decay_rate": 0.9,
    "combination_id": 21,
    "final_train_total_loss": 9.194903373718262,
    "final_train_class_loss": 0.30921879410743713,
    "final_train_reg_loss": 4.806873321533203,
    "final_train_class_accuracy": 0.9971839785575867,
    "final_train_reg_mae": 0.16304278373718262,
    "final_val_total_loss": 1.587504267692566,
    "final_val_class_loss": 0.20512858033180237,
    "final_val_reg_loss": 0.8139360547065735,
    "final_val_class_accuracy": 0.9991666674613953,
    "final_val_reg_mae": 0.14669498801231384,
    "best_train_total_loss": 4.735690116882324,
    "best_train_class_loss": 0.21213099360466003,
    "best_train_reg_loss": 2.468538284301758,
    "best_train_class_accuracy": 0.9980183839797974,
    "best_train_reg_mae": 0.16236120462417603,
    "best_val_total_loss": 1.564670205116272,
    "best_val_class_loss": 0.20361453294754028,
    "best_val_reg_loss": 0.8019050359725952,
    "best_val_class_accuracy": 1.0,
    "best_val_reg_mae": 0.1456269770860672,
    "training_time": 7.41,
    "epochs_trained": 25,
    "stopped_early": false,
    "model_dir": "models/face_detection_20250130_125849",
    "evaluation": {
        "test_total_loss": 9.594430923461914,
        "test_class_loss": 0.20541596412658691,
        "test_class_accuracy": 1.0,
        "test_class_precision": 1.0,
        "test_class_recall": 1.0,
        "test_f1_score": 1.0,
        "test_reg_loss": 5.028078556060791,
        "test_reg_mae": 0.14656788110733032,
        "test_reg_mse": 0.06251367926597595,
        "test_reg_rmse": 0.2500273585319519
    }
}