{
    "class_weight": 0.1,
    "reg_weight": 1.8,
    "learning_rate": 0.0001,
    "batch_size": 96,
    "dropout_rate": 0.7,
    "epochs": 25,
    "early_stopping_patience": 7,
    "reduce_lr_patience": 4,
    "lr_decay_rate": 0.9,
    "combination_id": 6,
    "final_train_total_loss": 6.0464043617248535,
    "final_train_class_loss": 0.22147467732429504,
    "final_train_reg_loss": 3.3468093872070312,
    "final_train_class_accuracy": 0.9962453246116638,
    "final_train_reg_mae": 0.17451485991477966,
    "final_val_total_loss": 2.2909231185913086,
    "final_val_class_loss": 0.2107030302286148,
    "final_val_reg_loss": 1.2610293626785278,
    "final_val_class_accuracy": 0.9991666674613953,
    "final_val_reg_mae": 0.1622002273797989,
    "best_train_total_loss": 5.300455093383789,
    "best_train_class_loss": 0.21286515891551971,
    "best_train_reg_loss": 2.9318349361419678,
    "best_train_class_accuracy": 0.9965581893920898,
    "best_train_reg_mae": 0.17451485991477966,
    "best_val_total_loss": 2.2321667671203613,
    "best_val_class_loss": 0.2107030302286148,
    "best_val_reg_loss": 1.2283803224563599,
    "best_val_class_accuracy": 1.0,
    "best_val_reg_mae": 0.1582169383764267,
    "training_time": 7.66,
    "epochs_trained": 25,
    "stopped_early": false,
    "model_dir": "models/face_detection_20250130_112128",
    "evaluation": {
        "test_total_loss": 10.458642959594727,
        "test_class_loss": 0.20914404094219208,
        "test_class_accuracy": 1.0,
        "test_class_precision": 1.0,
        "test_class_recall": 1.0,
        "test_f1_score": 1.0,
        "test_reg_loss": 5.798738479614258,
        "test_reg_mae": 0.1612059772014618,
        "test_reg_mse": 0.07147049903869629,
        "test_reg_rmse": 0.26733967661857605
    }
}