{
    "class_weight": 0.2,
    "reg_weight": 1.7,
    "learning_rate": 0.0001,
    "batch_size": 96,
    "dropout_rate": 0.7,
    "epochs": 25,
    "early_stopping_patience": 7,
    "reduce_lr_patience": 4,
    "lr_decay_rate": 0.9,
    "combination_id": 14,
    "final_train_total_loss": 6.475037097930908,
    "final_train_class_loss": 0.23093903064727783,
    "final_train_reg_loss": 3.7816758155822754,
    "final_train_class_accuracy": 0.9977054595947266,
    "final_train_reg_mae": 0.17006051540374756,
    "final_val_total_loss": 2.0529580116271973,
    "final_val_class_loss": 0.20629726350307465,
    "final_val_reg_loss": 1.183351993560791,
    "final_val_class_accuracy": 1.0,
    "final_val_reg_mae": 0.15842027962207794,
    "best_train_total_loss": 5.3989129066467285,
    "best_train_class_loss": 0.21726062893867493,
    "best_train_reg_loss": 3.149747848510742,
    "best_train_class_accuracy": 0.9977054595947266,
    "best_train_reg_mae": 0.16941499710083008,
    "best_val_total_loss": 2.0529580116271973,
    "best_val_class_loss": 0.20564618706703186,
    "best_val_reg_loss": 1.183351993560791,
    "best_val_class_accuracy": 1.0,
    "best_val_reg_mae": 0.15842027962207794,
    "training_time": 7.79,
    "epochs_trained": 25,
    "stopped_early": false,
    "model_dir": "models/face_detection_20250130_121811",
    "evaluation": {
        "test_total_loss": 10.095141410827637,
        "test_class_loss": 0.20725999772548676,
        "test_class_accuracy": 1.0,
        "test_class_precision": 1.0,
        "test_class_recall": 1.0,
        "test_f1_score": 1.0,
        "test_reg_loss": 5.913936138153076,
        "test_reg_mae": 0.15847209095954895,
        "test_reg_mse": 0.06884944438934326,
        "test_reg_rmse": 0.2623917758464813
    }
}