{
    "class_weight": 0.1,
    "reg_weight": 1.7,
    "learning_rate": 0.0001,
    "batch_size": 128,
    "dropout_rate": 0.6,
    "epochs": 25,
    "early_stopping_patience": 7,
    "reduce_lr_patience": 4,
    "lr_decay_rate": 0.9,
    "combination_id": 3,
    "final_train_total_loss": 5.244895935058594,
    "final_train_class_loss": 0.22624151408672333,
    "final_train_reg_loss": 3.0719244480133057,
    "final_train_class_accuracy": 0.9982269406318665,
    "final_train_reg_mae": 0.1673479974269867,
    "final_val_total_loss": 1.7350987195968628,
    "final_val_class_loss": 0.20536713302135468,
    "final_val_reg_loss": 1.008565902709961,
    "final_val_class_accuracy": 1.0,
    "final_val_reg_mae": 0.15549065172672272,
    "best_train_total_loss": 5.244895935058594,
    "best_train_class_loss": 0.21281389892101288,
    "best_train_reg_loss": 3.0719244480133057,
    "best_train_class_accuracy": 0.9982269406318665,
    "best_train_reg_mae": 0.1673479974269867,
    "best_val_total_loss": 1.4984718561172485,
    "best_val_class_loss": 0.20536713302135468,
    "best_val_reg_loss": 0.8692086338996887,
    "best_val_class_accuracy": 1.0,
    "best_val_reg_mae": 0.1519954651594162,
    "training_time": 5.76,
    "epochs_trained": 19,
    "stopped_early": true,
    "model_dir": "models/face_detection_20250130_110804",
    "evaluation": {
        "test_total_loss": 8.708867073059082,
        "test_class_loss": 0.20816759765148163,
        "test_class_accuracy": 0.9991645812988281,
        "test_class_precision": 0.9983305335044861,
        "test_class_recall": 1.0,
        "test_f1_score": 0.9991644620895386,
        "test_reg_loss": 5.110617637634277,
        "test_reg_mae": 0.1529085338115692,
        "test_reg_mse": 0.06556633114814758,
        "test_reg_rmse": 0.2560592293739319
    }
}