{
    "class_weight": 0.2,
    "reg_weight": 1.9,
    "learning_rate": 0.0001,
    "batch_size": 96,
    "dropout_rate": 0.7,
    "epochs": 25,
    "early_stopping_patience": 7,
    "reduce_lr_patience": 4,
    "lr_decay_rate": 0.9,
    "combination_id": 22,
    "final_train_total_loss": 11.61559009552002,
    "final_train_class_loss": 0.2863921821117401,
    "final_train_reg_loss": 6.083322048187256,
    "final_train_class_accuracy": 0.99603670835495,
    "final_train_reg_mae": 0.1659979224205017,
    "final_val_total_loss": 2.535517930984497,
    "final_val_class_loss": 0.20797675848007202,
    "final_val_reg_loss": 1.3125908374786377,
    "final_val_class_accuracy": 0.9991666674613953,
    "final_val_reg_mae": 0.1780460774898529,
    "best_train_total_loss": 6.6755757331848145,
    "best_train_class_loss": 0.2178099900484085,
    "best_train_reg_loss": 3.4867935180664062,
    "best_train_class_accuracy": 0.9971839785575867,
    "best_train_reg_mae": 0.1659979224205017,
    "best_val_total_loss": 2.513390302658081,
    "best_val_class_loss": 0.20797675848007202,
    "best_val_reg_loss": 1.3008534908294678,
    "best_val_class_accuracy": 0.9991666674613953,
    "best_val_reg_mae": 0.1780460774898529,
    "training_time": 7.4,
    "epochs_trained": 25,
    "stopped_early": false,
    "model_dir": "models/face_detection_20250130_130620",
    "evaluation": {
        "test_total_loss": 14.393260955810547,
        "test_class_loss": 0.2081337720155716,
        "test_class_accuracy": 1.0,
        "test_class_precision": 1.0,
        "test_class_recall": 1.0,
        "test_f1_score": 1.0,
        "test_reg_loss": 7.553491592407227,
        "test_reg_mae": 0.17694996297359467,
        "test_reg_mse": 0.09219999611377716,
        "test_reg_rmse": 0.3036445081233978
    }
}