{
    "class_weight": 0.2,
    "reg_weight": 1.7,
    "learning_rate": 0.0001,
    "batch_size": 128,
    "dropout_rate": 0.7,
    "epochs": 25,
    "early_stopping_patience": 7,
    "reduce_lr_patience": 4,
    "lr_decay_rate": 0.9,
    "combination_id": 16,
    "final_train_total_loss": 10.091131210327148,
    "final_train_class_loss": 0.2197822779417038,
    "final_train_reg_loss": 5.910102367401123,
    "final_train_class_accuracy": 0.9943679571151733,
    "final_train_reg_mae": 0.1836351454257965,
    "final_val_total_loss": 2.6485676765441895,
    "final_val_class_loss": 0.21257340908050537,
    "final_val_reg_loss": 1.5329722166061401,
    "final_val_class_accuracy": 0.9991666674613953,
    "final_val_reg_mae": 0.15453588962554932,
    "best_train_total_loss": 6.558249473571777,
    "best_train_class_loss": 0.2197822779417038,
    "best_train_reg_loss": 3.829284191131592,
    "best_train_class_accuracy": 0.9943679571151733,
    "best_train_reg_mae": 0.1836351454257965,
    "best_val_total_loss": 2.592867851257324,
    "best_val_class_loss": 0.21257340908050537,
    "best_val_reg_loss": 1.4990793466567993,
    "best_val_class_accuracy": 1.0,
    "best_val_reg_mae": 0.12607908248901367,
    "training_time": 3.53,
    "epochs_trained": 12,
    "stopped_early": true,
    "model_dir": "models/face_detection_20250130_123101",
    "evaluation": {
        "test_total_loss": 7.016971588134766,
        "test_class_loss": 0.22047555446624756,
        "test_class_accuracy": 1.0,
        "test_class_precision": 1.0,
        "test_class_recall": 1.0,
        "test_f1_score": 1.0,
        "test_reg_loss": 4.101691722869873,
        "test_reg_mae": 0.12714359164237976,
        "test_reg_mse": 0.03579368442296982,
        "test_reg_rmse": 0.18919219076633453
    }
}