{
    "class_weight": 0.2,
    "reg_weight": 1.8,
    "learning_rate": 0.0001,
    "batch_size": 128,
    "dropout_rate": 0.7,
    "epochs": 25,
    "early_stopping_patience": 7,
    "reduce_lr_patience": 4,
    "lr_decay_rate": 0.9,
    "combination_id": 20,
    "final_train_total_loss": 6.120818614959717,
    "final_train_class_loss": 0.26180338859558105,
    "final_train_reg_loss": 3.371365785598755,
    "final_train_class_accuracy": 0.995619535446167,
    "final_train_reg_mae": 0.18402495980262756,
    "final_val_total_loss": 2.6875429153442383,
    "final_val_class_loss": 0.2130049765110016,
    "final_val_reg_loss": 1.469412088394165,
    "final_val_class_accuracy": 1.0,
    "final_val_reg_mae": 0.16439491510391235,
    "best_train_total_loss": 6.120818614959717,
    "best_train_class_loss": 0.2169855386018753,
    "best_train_reg_loss": 3.371365785598755,
    "best_train_class_accuracy": 0.995619535446167,
    "best_train_reg_mae": 0.18402495980262756,
    "best_val_total_loss": 2.661238670349121,
    "best_val_class_loss": 0.2130049765110016,
    "best_val_reg_loss": 1.4546126127243042,
    "best_val_class_accuracy": 1.0,
    "best_val_reg_mae": 0.16439491510391235,
    "training_time": 4.48,
    "epochs_trained": 15,
    "stopped_early": true,
    "model_dir": "models/face_detection_20250130_125414",
    "evaluation": {
        "test_total_loss": 12.284016609191895,
        "test_class_loss": 0.21412089467048645,
        "test_class_accuracy": 1.0,
        "test_class_precision": 1.0,
        "test_class_recall": 1.0,
        "test_f1_score": 1.0,
        "test_reg_loss": 6.800660133361816,
        "test_reg_mae": 0.17949700355529785,
        "test_reg_mse": 0.08129562437534332,
        "test_reg_rmse": 0.2851238548755646
    }
}