{
    "class_weight": 0.2,
    "reg_weight": 1.8,
    "learning_rate": 0.0001,
    "batch_size": 128,
    "dropout_rate": 0.6,
    "epochs": 25,
    "early_stopping_patience": 7,
    "reduce_lr_patience": 4,
    "lr_decay_rate": 0.9,
    "combination_id": 19,
    "final_train_total_loss": 6.636457443237305,
    "final_train_class_loss": 0.24297094345092773,
    "final_train_reg_loss": 3.659924268722534,
    "final_train_class_accuracy": 0.9976011514663696,
    "final_train_reg_mae": 0.16846777498722076,
    "final_val_total_loss": 1.8785384893417358,
    "final_val_class_loss": 0.20497441291809082,
    "final_val_reg_loss": 1.020857572555542,
    "final_val_class_accuracy": 1.0,
    "final_val_reg_mae": 0.15755246579647064,
    "best_train_total_loss": 4.782548427581787,
    "best_train_class_loss": 0.2140689194202423,
    "best_train_reg_loss": 2.630765438079834,
    "best_train_class_accuracy": 0.9976011514663696,
    "best_train_reg_mae": 0.16846777498722076,
    "best_val_total_loss": 1.5846322774887085,
    "best_val_class_loss": 0.2040710747241974,
    "best_val_reg_loss": 0.8572479486465454,
    "best_val_class_accuracy": 1.0,
    "best_val_reg_mae": 0.15170152485370636,
    "training_time": 4.8,
    "epochs_trained": 16,
    "stopped_early": true,
    "model_dir": "models/face_detection_20250130_124919",
    "evaluation": {
        "test_total_loss": 8.883720397949219,
        "test_class_loss": 0.20861323177814484,
        "test_class_accuracy": 1.0,
        "test_class_precision": 1.0,
        "test_class_recall": 1.0,
        "test_f1_score": 1.0,
        "test_reg_loss": 4.912220478057861,
        "test_reg_mae": 0.1509697288274765,
        "test_reg_mse": 0.06315813213586807,
        "test_reg_rmse": 0.25131282210350037
    }
}