{
    "class_weight": 0.1,
    "reg_weight": 1.8,
    "learning_rate": 0.0001,
    "batch_size": 128,
    "dropout_rate": 0.6,
    "epochs": 25,
    "early_stopping_patience": 7,
    "reduce_lr_patience": 4,
    "lr_decay_rate": 0.9,
    "combination_id": 7,
    "final_train_total_loss": 7.778504371643066,
    "final_train_class_loss": 0.2103528529405594,
    "final_train_reg_loss": 4.3097052574157715,
    "final_train_class_accuracy": 0.9965581893920898,
    "final_train_reg_mae": 0.16379804909229279,
    "final_val_total_loss": 1.861909031867981,
    "final_val_class_loss": 0.2099793255329132,
    "final_val_reg_loss": 1.022728443145752,
    "final_val_class_accuracy": 1.0,
    "final_val_reg_mae": 0.14647072553634644,
    "best_train_total_loss": 4.21806526184082,
    "best_train_class_loss": 0.20818081498146057,
    "best_train_reg_loss": 2.328702926635742,
    "best_train_class_accuracy": 0.9984355568885803,
    "best_train_reg_mae": 0.16342267394065857,
    "best_val_total_loss": 1.861909031867981,
    "best_val_class_loss": 0.20935098826885223,
    "best_val_reg_loss": 1.022728443145752,
    "best_val_class_accuracy": 1.0,
    "best_val_reg_mae": 0.14244695007801056,
    "training_time": 7.6,
    "epochs_trained": 25,
    "stopped_early": false,
    "model_dir": "models/face_detection_20250130_112914",
    "evaluation": {
        "test_total_loss": 8.920771598815918,
        "test_class_loss": 0.20784257352352142,
        "test_class_accuracy": 1.0,
        "test_class_precision": 1.0,
        "test_class_recall": 1.0,
        "test_f1_score": 1.0,
        "test_reg_loss": 4.944438457489014,
        "test_reg_mae": 0.1461784839630127,
        "test_reg_mse": 0.06112128496170044,
        "test_reg_rmse": 0.24722719192504883
    }
}