{
    "class_weight": 0.2,
    "reg_weight": 1.8,
    "learning_rate": 0.0001,
    "batch_size": 96,
    "dropout_rate": 0.6,
    "epochs": 25,
    "early_stopping_patience": 7,
    "reduce_lr_patience": 4,
    "lr_decay_rate": 0.9,
    "combination_id": 17,
    "final_train_total_loss": 8.457079887390137,
    "final_train_class_loss": 0.235392764210701,
    "final_train_reg_loss": 4.672223091125488,
    "final_train_class_accuracy": 0.9976011514663696,
    "final_train_reg_mae": 0.16745314002037048,
    "final_val_total_loss": 1.5768290758132935,
    "final_val_class_loss": 0.20548668503761292,
    "final_val_reg_loss": 0.8531843423843384,
    "final_val_class_accuracy": 1.0,
    "final_val_reg_mae": 0.15073281526565552,
    "best_train_total_loss": 2.8206899166107178,
    "best_train_class_loss": 0.21119236946105957,
    "best_train_reg_loss": 1.5415847301483154,
    "best_train_class_accuracy": 0.9985398650169373,
    "best_train_reg_mae": 0.1659623682498932,
    "best_val_total_loss": 1.5652579069137573,
    "best_val_class_loss": 0.20548668503761292,
    "best_val_reg_loss": 0.846585214138031,
    "best_val_class_accuracy": 1.0,
    "best_val_reg_mae": 0.1449802666902542,
    "training_time": 7.03,
    "epochs_trained": 24,
    "stopped_early": true,
    "model_dir": "models/face_detection_20250130_123439",
    "evaluation": {
        "test_total_loss": 8.364665985107422,
        "test_class_loss": 0.20676036179065704,
        "test_class_accuracy": 1.0,
        "test_class_precision": 1.0,
        "test_class_recall": 1.0,
        "test_f1_score": 1.0,
        "test_reg_loss": 4.624064922332764,
        "test_reg_mae": 0.145702064037323,
        "test_reg_mse": 0.06005927547812462,
        "test_reg_rmse": 0.2450699359178543
    }
}