{
    "class_weight": 0.1,
    "reg_weight": 1.8,
    "learning_rate": 0.0001,
    "batch_size": 96,
    "dropout_rate": 0.6,
    "epochs": 25,
    "early_stopping_patience": 7,
    "reduce_lr_patience": 4,
    "lr_decay_rate": 0.9,
    "combination_id": 5,
    "final_train_total_loss": 8.247332572937012,
    "final_train_class_loss": 0.2560087740421295,
    "final_train_reg_loss": 4.567629337310791,
    "final_train_class_accuracy": 0.9949937462806702,
    "final_train_reg_mae": 0.18076249957084656,
    "final_val_total_loss": 2.652207851409912,
    "final_val_class_loss": 0.20885133743286133,
    "final_val_reg_loss": 1.461845874786377,
    "final_val_class_accuracy": 0.9991666674613953,
    "final_val_reg_mae": 0.1662168800830841,
    "best_train_total_loss": 5.491109371185303,
    "best_train_class_loss": 0.21890977025032043,
    "best_train_reg_loss": 3.0374221801757812,
    "best_train_class_accuracy": 0.9949937462806702,
    "best_train_reg_mae": 0.18076249957084656,
    "best_val_total_loss": 1.851954460144043,
    "best_val_class_loss": 0.20885133743286133,
    "best_val_reg_loss": 1.0163652896881104,
    "best_val_class_accuracy": 0.9991666674613953,
    "best_val_reg_mae": 0.13693571090698242,
    "training_time": 2.73,
    "epochs_trained": 9,
    "stopped_early": true,
    "model_dir": "models/face_detection_20250130_111838",
    "evaluation": {
        "test_total_loss": 5.9891839027404785,
        "test_class_loss": 0.22380422055721283,
        "test_class_accuracy": 1.0,
        "test_class_precision": 1.0,
        "test_class_recall": 1.0,
        "test_f1_score": 1.0,
        "test_reg_loss": 3.3148906230926514,
        "test_reg_mae": 0.13709262013435364,
        "test_reg_mse": 0.03563278913497925,
        "test_reg_rmse": 0.1887664943933487
    }
}