{
    "class_weight": 0.1,
    "reg_weight": 1.9,
    "learning_rate": 0.0001,
    "batch_size": 128,
    "dropout_rate": 0.6,
    "epochs": 25,
    "early_stopping_patience": 7,
    "reduce_lr_patience": 4,
    "lr_decay_rate": 0.9,
    "combination_id": 11,
    "final_train_total_loss": 5.534173965454102,
    "final_train_class_loss": 0.22390761971473694,
    "final_train_reg_loss": 2.9009385108947754,
    "final_train_class_accuracy": 0.9972882866859436,
    "final_train_reg_mae": 0.1678997278213501,
    "final_val_total_loss": 2.0451481342315674,
    "final_val_class_loss": 0.20629042387008667,
    "final_val_reg_loss": 1.065536379814148,
    "final_val_class_accuracy": 1.0,
    "final_val_reg_mae": 0.15821608901023865,
    "best_train_total_loss": 5.314047336578369,
    "best_train_class_loss": 0.21371296048164368,
    "best_train_reg_loss": 2.7840466499328613,
    "best_train_class_accuracy": 0.9977054595947266,
    "best_train_reg_mae": 0.16639114916324615,
    "best_val_total_loss": 1.8397833108901978,
    "best_val_class_loss": 0.20565176010131836,
    "best_val_reg_loss": 0.9573222994804382,
    "best_val_class_accuracy": 1.0,
    "best_val_reg_mae": 0.143891379237175,
    "training_time": 7.0,
    "epochs_trained": 23,
    "stopped_early": true,
    "model_dir": "models/face_detection_20250130_115542",
    "evaluation": {
        "test_total_loss": 9.231703758239746,
        "test_class_loss": 0.20716138184070587,
        "test_class_accuracy": 1.0,
        "test_class_precision": 1.0,
        "test_class_recall": 1.0,
        "test_f1_score": 1.0,
        "test_reg_loss": 4.847886562347412,
        "test_reg_mae": 0.14963068068027496,
        "test_reg_mse": 0.06459174305200577,
        "test_reg_rmse": 0.25414904952049255
    }
}