{
    "class_weight": 0.1,
    "reg_weight": 1.7,
    "learning_rate": 0.0001,
    "batch_size": 96,
    "dropout_rate": 0.6,
    "epochs": 25,
    "early_stopping_patience": 7,
    "reduce_lr_patience": 4,
    "lr_decay_rate": 0.9,
    "combination_id": 1,
    "final_train_total_loss": 8.164306640625,
    "final_train_class_loss": 0.22276392579078674,
    "final_train_reg_loss": 4.789429664611816,
    "final_train_class_accuracy": 0.995202362537384,
    "final_train_reg_mae": 0.17603996396064758,
    "final_val_total_loss": 2.386610984802246,
    "final_val_class_loss": 0.2080034613609314,
    "final_val_reg_loss": 1.391653299331665,
    "final_val_class_accuracy": 0.9991666674613953,
    "final_val_reg_mae": 0.16167110204696655,
    "best_train_total_loss": 5.9574785232543945,
    "best_train_class_loss": 0.22276392579078674,
    "best_train_reg_loss": 3.491058588027954,
    "best_train_class_accuracy": 0.9953066110610962,
    "best_train_reg_mae": 0.17603996396064758,
    "best_val_total_loss": 1.5120141506195068,
    "best_val_class_loss": 0.2080034613609314,
    "best_val_reg_loss": 0.8763960599899292,
    "best_val_class_accuracy": 1.0,
    "best_val_reg_mae": 0.10045745223760605,
    "training_time": 3.31,
    "epochs_trained": 10,
    "stopped_early": true,
    "model_dir": "models/face_detection_20250130_105644",
    "evaluation": {
        "test_total_loss": 4.167852401733398,
        "test_class_loss": 0.22074277698993683,
        "test_class_accuracy": 1.0,
        "test_class_precision": 1.0,
        "test_class_recall": 1.0,
        "test_f1_score": 1.0,
        "test_reg_loss": 2.4386937618255615,
        "test_reg_mae": 0.1081504225730896,
        "test_reg_mse": 0.02217707596719265,
        "test_reg_rmse": 0.14891968667507172
    }
}