{
    "class_weight": 0.1,
    "reg_weight": 1.7,
    "learning_rate": 0.0001,
    "batch_size": 96,
    "dropout_rate": 0.7,
    "epochs": 25,
    "early_stopping_patience": 7,
    "reduce_lr_patience": 4,
    "lr_decay_rate": 0.9,
    "combination_id": 2,
    "final_train_total_loss": 7.123714447021484,
    "final_train_class_loss": 0.22682872414588928,
    "final_train_reg_loss": 4.177077293395996,
    "final_train_class_accuracy": 0.9958280920982361,
    "final_train_reg_mae": 0.17477470636367798,
    "final_val_total_loss": 2.1965036392211914,
    "final_val_class_loss": 0.21160505712032318,
    "final_val_reg_loss": 1.2796134948730469,
    "final_val_class_accuracy": 0.9991666674613953,
    "final_val_reg_mae": 0.15338052809238434,
    "best_train_total_loss": 5.0266947746276855,
    "best_train_class_loss": 0.21086367964744568,
    "best_train_reg_loss": 2.940007209777832,
    "best_train_class_accuracy": 0.9972882866859436,
    "best_train_reg_mae": 0.17477470636367798,
    "best_val_total_loss": 2.1965036392211914,
    "best_val_class_loss": 0.21073396503925323,
    "best_val_reg_loss": 1.2796134948730469,
    "best_val_class_accuracy": 0.9991666674613953,
    "best_val_reg_mae": 0.15338052809238434,
    "training_time": 7.75,
    "epochs_trained": 25,
    "stopped_early": false,
    "model_dir": "models/face_detection_20250130_110012",
    "evaluation": {
        "test_total_loss": 9.346504211425781,
        "test_class_loss": 0.20980295538902283,
        "test_class_accuracy": 1.0,
        "test_class_precision": 1.0,
        "test_class_recall": 1.0,
        "test_f1_score": 1.0,
        "test_reg_loss": 5.485602378845215,
        "test_reg_mae": 0.15363003313541412,
        "test_reg_mse": 0.06517760455608368,
        "test_reg_rmse": 0.25529906153678894
    }
}