{
    "class_weight": 0.1,
    "reg_weight": 1.9,
    "learning_rate": 0.0001,
    "batch_size": 96,
    "dropout_rate": 0.7,
    "epochs": 25,
    "early_stopping_patience": 7,
    "reduce_lr_patience": 4,
    "lr_decay_rate": 0.9,
    "combination_id": 10,
    "final_train_total_loss": 8.244978904724121,
    "final_train_class_loss": 0.2301437109708786,
    "final_train_reg_loss": 4.32735013961792,
    "final_train_class_accuracy": 0.9942636489868164,
    "final_train_reg_mae": 0.18661294877529144,
    "final_val_total_loss": 2.530808925628662,
    "final_val_class_loss": 0.21210914850234985,
    "final_val_reg_loss": 1.3208410739898682,
    "final_val_class_accuracy": 0.9991666674613953,
    "final_val_reg_mae": 0.16096071898937225,
    "best_train_total_loss": 8.244978904724121,
    "best_train_class_loss": 0.22235608100891113,
    "best_train_reg_loss": 4.32735013961792,
    "best_train_class_accuracy": 0.9942636489868164,
    "best_train_reg_mae": 0.18661294877529144,
    "best_val_total_loss": 1.793699860572815,
    "best_val_class_loss": 0.20979970693588257,
    "best_val_reg_loss": 0.9327026009559631,
    "best_val_class_accuracy": 1.0,
    "best_val_reg_mae": 0.12605226039886475,
    "training_time": 3.51,
    "epochs_trained": 12,
    "stopped_early": true,
    "model_dir": "models/face_detection_20250130_115205",
    "evaluation": {
        "test_total_loss": 6.074451446533203,
        "test_class_loss": 0.21847175061702728,
        "test_class_accuracy": 0.9991645812988281,
        "test_class_precision": 0.9983305335044861,
        "test_class_recall": 1.0,
        "test_f1_score": 0.9991644620895386,
        "test_reg_loss": 3.1855807304382324,
        "test_reg_mae": 0.1245318204164505,
        "test_reg_mse": 0.030392097309231758,
        "test_reg_rmse": 0.17433328926563263
    }
}