{
    "epochs": [
        1,
        2,
        3,
        4,
        5,
        6,
        7,
        8,
        9,
        10,
        11,
        12,
        13,
        14,
        15,
        16,
        17,
        18,
        19,
        20,
        21,
        22,
        23
    ],
    "training": {
        "total_loss": [
            13.019965171813965,
            13.389190673828125,
            10.2971773147583,
            9.797588348388672,
            8.876562118530273,
            10.174653053283691,
            9.507574081420898,
            8.946545600891113,
            5.9747185707092285,
            7.972929000854492,
            6.072878360748291,
            5.841171741485596,
            9.502399444580078,
            6.191334247589111,
            11.824119567871094,
            6.450890064239502,
            5.353464603424072,
            6.936843395233154,
            5.314047336578369,
            10.81490707397461,
            6.271617412567139,
            6.432923793792725,
            5.534173965454102
        ],
        "class_loss": [
            0.23352234065532684,
            0.24790385365486145,
            0.30049943923950195,
            0.30153489112854004,
            0.28066372871398926,
            0.23126649856567383,
            0.22742334008216858,
            0.23810379207134247,
            0.23154883086681366,
            0.23468565940856934,
            0.21806327998638153,
            0.2193853110074997,
            0.21429114043712616,
            0.2307368516921997,
            0.283532977104187,
            0.2189696580171585,
            0.22499454021453857,
            0.21371296048164368,
            0.24358658492565155,
            0.22908437252044678,
            0.2264411449432373,
            0.22530026733875275,
            0.22390761971473694
        ],
        "reg_loss": [
            6.840322494506836,
            7.033895015716553,
            5.403751373291016,
            5.1407551765441895,
            4.657103061676025,
            5.34290885925293,
            4.992016792297363,
            4.696176528930664,
            3.132402181625366,
            4.183926582336426,
            3.184774875640869,
            3.0627543926239014,
            4.989984512329102,
            3.246453046798706,
            6.2082977294921875,
            3.383680582046509,
            2.8057711124420166,
            3.6397221088409424,
            2.7840466499328613,
            5.679999351501465,
            3.288933277130127,
            3.3738913536071777,
            2.9009385108947754
        ],
        "class_accuracy": [
            0.9513975977897644,
            0.9859198927879333,
            0.9883187413215637,
            0.9900918006896973,
            0.9906132817268372,
            0.9941593408584595,
            0.9932206869125366,
            0.9933249950408936,
            0.9946808218955994,
            0.99603670835495,
            0.9957238435745239,
            0.9958280920982361,
            0.9973925948143005,
            0.9968711137771606,
            0.9977054595947266,
            0.9972882866859436,
            0.9970796704292297,
            0.9977054595947266,
            0.9961410164833069,
            0.9971839785575867,
            0.9968711137771606,
            0.9976011514663696,
            0.9972882866859436
        ],
        "reg_mae": [
            0.2674972116947174,
            0.22483810782432556,
            0.21309976279735565,
            0.20346693694591522,
            0.1994451880455017,
            0.1923079639673233,
            0.189193993806839,
            0.18405698239803314,
            0.18210087716579437,
            0.17919375002384186,
            0.17632141709327698,
            0.17474626004695892,
            0.1749049872159958,
            0.17431949079036713,
            0.17158302664756775,
            0.171634703874588,
            0.16837982833385468,
            0.16947828233242035,
            0.16979171335697174,
            0.16735140979290009,
            0.16745322942733765,
            0.16639114916324615,
            0.1678997278213501
        ]
    },
    "validation": {
        "total_loss": [
            4.457103252410889,
            2.904205322265625,
            3.2714970111846924,
            2.9014830589294434,
            3.0671958923339844,
            2.2355501651763916,
            2.5129168033599854,
            2.265974283218384,
            2.1695609092712402,
            2.5291714668273926,
            1.91449773311615,
            2.281002998352051,
            2.1802077293395996,
            1.966376543045044,
            2.043045997619629,
            1.8397833108901978,
            2.009561061859131,
            1.956794261932373,
            1.9239120483398438,
            2.1152498722076416,
            2.082597255706787,
            2.018219232559204,
            2.0451481342315674
        ],
        "class_loss": [
            0.262947142124176,
            0.25323301553726196,
            0.23994143307209015,
            0.22771869599819183,
            0.22315067052841187,
            0.22105956077575684,
            0.22065255045890808,
            0.2147754281759262,
            0.2117084264755249,
            0.21106362342834473,
            0.21096926927566528,
            0.21141313016414642,
            0.2123403549194336,
            0.2104690968990326,
            0.20889678597450256,
            0.20870906114578247,
            0.20702649652957916,
            0.2064341902732849,
            0.2077682912349701,
            0.2084699124097824,
            0.20565176010131836,
            0.20738977193832397,
            0.20629042387008667
        ],
        "reg_loss": [
            2.3320045471191406,
            1.5152010917663574,
            1.709212064743042,
            1.5151112079620361,
            1.6025688648223877,
            1.1649706363677979,
            1.3109745979309082,
            1.1813141107559204,
            1.1307315826416016,
            1.3200342655181885,
            0.9965267181396484,
            1.1894009113311768,
            1.1363019943237305,
            1.0238577127456665,
            1.0642927885055542,
            0.9573222994804382,
            1.0467675924301147,
            1.019026756286621,
            1.001650094985962,
            1.1023173332214355,
            1.0852800607681274,
            1.0513054132461548,
            1.065536379814148
        ],
        "class_accuracy": [
            0.9991666674613953,
            0.9975000023841858,
            0.9991666674613953,
            0.9991666674613953,
            0.9991666674613953,
            0.9991666674613953,
            0.9991666674613953,
            0.9991666674613953,
            0.9991666674613953,
            0.9991666674613953,
            0.9991666674613953,
            0.9991666674613953,
            0.9991666674613953,
            1.0,
            0.9991666674613953,
            0.9991666674613953,
            1.0,
            1.0,
            1.0,
            0.9991666674613953,
            1.0,
            1.0,
            1.0
        ],
        "reg_mae": [
            0.2591964304447174,
            0.23568333685398102,
            0.22010375559329987,
            0.1963215172290802,
            0.19775551557540894,
            0.16449299454689026,
            0.16412608325481415,
            0.1465091109275818,
            0.14773774147033691,
            0.16567102074623108,
            0.143891379237175,
            0.1598106026649475,
            0.1577669382095337,
            0.15076486766338348,
            0.15698757767677307,
            0.14864997565746307,
            0.15314513444900513,
            0.15141479671001434,
            0.15136079490184784,
            0.1592128872871399,
            0.15805205702781677,
            0.15672822296619415,
            0.15821608901023865
        ]
    }
}