{
    "epochs": [
        1,
        2,
        3,
        4,
        5,
        6,
        7,
        8,
        9,
        10,
        11,
        12
    ],
    "training": {
        "total_loss": [
            17.408781051635742,
            12.281882286071777,
            12.806575775146484,
            9.855289459228516,
            7.151269435882568,
            7.199463844299316,
            7.7480573654174805,
            10.08680534362793,
            12.305841445922852,
            7.576582431793213,
            6.558249473571777,
            10.091131210327148
        ],
        "class_loss": [
            0.2555798590183258,
            0.30405619740486145,
            0.36431291699409485,
            0.2509452998638153,
            0.265603244304657,
            0.2704771161079407,
            0.25627216696739197,
            0.2427033931016922,
            0.330292671918869,
            0.23669859766960144,
            0.24233083426952362,
            0.2197822779417038
        ],
        "reg_loss": [
            10.2103910446167,
            7.1888651847839355,
            7.490419387817383,
            5.767705917358398,
            4.175381660461426,
            4.203157901763916,
            4.527531147003174,
            5.9048614501953125,
            7.1998724937438965,
            4.428966045379639,
            3.829284191131592,
            5.910102367401123
        ],
        "class_accuracy": [
            0.9270963668823242,
            0.9763245582580566,
            0.9822695255279541,
            0.9850855469703674,
            0.9863370656967163,
            0.9889445304870605,
            0.9904046654701233,
            0.9920734167098999,
            0.9914476275444031,
            0.9928035140037537,
            0.991239070892334,
            0.9943679571151733
        ],
        "reg_mae": [
            0.2766687572002411,
            0.23538754880428314,
            0.22909338772296906,
            0.2200528234243393,
            0.21171560883522034,
            0.20559871196746826,
            0.19763275980949402,
            0.195494145154953,
            0.19067265093326569,
            0.1871918886899948,
            0.18497928977012634,
            0.1836351454257965
        ]
    },
    "validation": {
        "total_loss": [
            3.2418081760406494,
            2.944190740585327,
            2.6952710151672363,
            2.7066893577575684,
            2.592867851257324,
            2.9065871238708496,
            3.034275770187378,
            2.918848991394043,
            2.961125373840332,
            2.6581172943115234,
            2.8609354496002197,
            2.6485676765441895
        ],
        "class_loss": [
            0.271767258644104,
            0.24436548352241516,
            0.22994092106819153,
            0.2263091504573822,
            0.22216413915157318,
            0.21863684058189392,
            0.2180784046649933,
            0.21555939316749573,
            0.21758189797401428,
            0.2132609784603119,
            0.21347272396087646,
            0.21257340908050537
        ],
        "reg_loss": [
            1.8749732971191406,
            1.7031279802322388,
            1.5584017038345337,
            1.5655455589294434,
            1.4990793466567993,
            1.684035062789917,
            1.759211778640747,
            1.6916100978851318,
            1.7162405252456665,
            1.5385088920593262,
            1.6577887535095215,
            1.5329722166061401
        ],
        "class_accuracy": [
            0.9975000023841858,
            0.9983333349227905,
            0.9991666674613953,
            0.9991666674613953,
            0.9991666674613953,
            0.9991666674613953,
            0.9991666674613953,
            0.9991666674613953,
            0.9991666674613953,
            1.0,
            0.9991666674613953,
            0.9991666674613953
        ],
        "reg_mae": [
            0.2168600708246231,
            0.173080712556839,
            0.16098517179489136,
            0.14062604308128357,
            0.12607908248901367,
            0.1315898597240448,
            0.13045480847358704,
            0.14052961766719818,
            0.1490258276462555,
            0.13682158291339874,
            0.15994180738925934,
            0.15453588962554932
        ]
    }
}