{
    "epochs": [
        1,
        2,
        3,
        4,
        5,
        6,
        7,
        8,
        9,
        10,
        11,
        12,
        13,
        14,
        15,
        16,
        17,
        18,
        19,
        20,
        21,
        22,
        23,
        24,
        25
    ],
    "training": {
        "total_loss": [
            11.785117149353027,
            15.996259689331055,
            11.281298637390137,
            14.628448486328125,
            11.87548542022705,
            12.173174858093262,
            15.012957572937012,
            7.663536071777344,
            10.303287506103516,
            8.28213882446289,
            8.889490127563477,
            9.876091003417969,
            13.92939567565918,
            9.172033309936523,
            9.80736255645752,
            8.73371410369873,
            8.767359733581543,
            7.709934711456299,
            7.966235637664795,
            6.6755757331848145,
            9.652458190917969,
            7.668713569641113,
            12.351359367370605,
            8.129350662231445,
            11.61559009552002
        ],
        "class_loss": [
            0.24389536678791046,
            0.26162779331207275,
            0.26670873165130615,
            0.254706472158432,
            0.2448822259902954,
            0.2182449996471405,
            0.27474862337112427,
            0.29182320833206177,
            0.24835868179798126,
            0.23165032267570496,
            0.23071983456611633,
            0.2220870554447174,
            0.23558232188224792,
            0.21909523010253906,
            0.2893120050430298,
            0.22343797981739044,
            0.24893513321876526,
            0.2178099900484085,
            0.22706159949302673,
            0.2533402442932129,
            0.2288079559803009,
            0.2239282876253128,
            0.2389385998249054,
            0.2340897023677826,
            0.2863921821117401
        ],
        "reg_loss": [
            6.177020072937012,
            8.391544342041016,
            5.909451007843018,
            7.672372341156006,
            6.224478244781494,
            6.383961200714111,
            7.872635841369629,
            4.002721786499023,
            5.396639823913574,
            4.334636211395264,
            4.654393196105957,
            5.174565315246582,
            7.30646276473999,
            4.804323196411133,
            5.131316184997559,
            4.573172092437744,
            4.588196277618408,
            4.034933090209961,
            4.168854236602783,
            3.4867935180664062,
            5.056155681610107,
            4.012593746185303,
            6.475564002990723,
            4.253964900970459,
            6.083322048187256
        ],
        "class_accuracy": [
            0.9251147508621216,
            0.9760116934776306,
            0.9820609092712402,
            0.9858155846595764,
            0.9856070280075073,
            0.9869628548622131,
            0.9897788763046265,
            0.991969108581543,
            0.9929078221321106,
            0.9917605519294739,
            0.9923863410949707,
            0.9939507842063904,
            0.995619535446167,
            0.9950980544090271,
            0.995619535446167,
            0.9955152273178101,
            0.9953066110610962,
            0.9954109191894531,
            0.995202362537384,
            0.9953066110610962,
            0.9969753623008728,
            0.9962453246116638,
            0.9965581893920898,
            0.9971839785575867,
            0.99603670835495
        ],
        "reg_mae": [
            0.32314082980155945,
            0.24232670664787292,
            0.22979074716567993,
            0.22095060348510742,
            0.20913030207157135,
            0.20125560462474823,
            0.1948002427816391,
            0.19113363325595856,
            0.1838873326778412,
            0.1826339066028595,
            0.1788964420557022,
            0.17683017253875732,
            0.17430303990840912,
            0.17311152815818787,
            0.17208150029182434,
            0.17159852385520935,
            0.16969144344329834,
            0.16834810376167297,
            0.16884097456932068,
            0.1686141937971115,
            0.1682271957397461,
            0.16811303794384003,
            0.16619235277175903,
            0.166468545794487,
            0.1659979224205017
        ]
    },
    "validation": {
        "total_loss": [
            5.707289218902588,
            5.272147178649902,
            5.256950378417969,
            4.839642524719238,
            4.465998649597168,
            4.091353416442871,
            4.147763252258301,
            3.8728296756744385,
            3.8317272663116455,
            3.6207759380340576,
            3.662496328353882,
            3.6924774646759033,
            3.5462653636932373,
            3.484581708908081,
            3.347440004348755,
            3.0016205310821533,
            2.914940357208252,
            2.8204150199890137,
            2.778369188308716,
            2.690702438354492,
            2.6323161125183105,
            2.622394323348999,
            2.5740249156951904,
            2.513390302658081,
            2.535517930984497
        ],
        "class_loss": [
            0.2712451219558716,
            0.25109511613845825,
            0.23365378379821777,
            0.22867098450660706,
            0.22295215725898743,
            0.21922612190246582,
            0.21887972950935364,
            0.2165551334619522,
            0.2138449251651764,
            0.21361558139324188,
            0.2151717245578766,
            0.21461328864097595,
            0.21051812171936035,
            0.21127630770206451,
            0.21070151031017303,
            0.21045991778373718,
            0.2092357575893402,
            0.2093554586172104,
            0.20945598185062408,
            0.21089020371437073,
            0.20822197198867798,
            0.20800821483135223,
            0.2084614634513855,
            0.20884360373020172,
            0.20797675848007202
        ],
        "reg_loss": [
            2.9752845764160156,
            2.7483832836151123,
            2.742220878601074,
            2.5231096744537354,
            2.327056884765625,
            2.13026762008667,
            2.1599934101104736,
            2.015536069869995,
            1.9941885471343994,
            1.883185625076294,
            1.9049800634384155,
            1.9208183288574219,
            1.8442957401275635,
            1.811750888824463,
            1.7396314144134521,
            1.5576465129852295,
            1.5121543407440186,
            1.4623916149139404,
            1.4402515888214111,
            1.3939601182937622,
            1.3635114431381226,
            1.3583118915557861,
            1.3328067064285278,
            1.3008534908294678,
            1.3125908374786377
        ],
        "class_accuracy": [
            0.996666669845581,
            0.996666669845581,
            0.9991666674613953,
            0.9991666674613953,
            0.9991666674613953,
            0.9991666674613953,
            0.9991666674613953,
            0.9991666674613953,
            0.9991666674613953,
            0.9991666674613953,
            0.9991666674613953,
            0.9991666674613953,
            0.9991666674613953,
            0.9991666674613953,
            0.9991666674613953,
            0.9991666674613953,
            0.9991666674613953,
            0.9991666674613953,
            0.9991666674613953,
            0.9991666674613953,
            0.9991666674613953,
            0.9991666674613953,
            0.9991666674613953,
            0.9991666674613953,
            0.9991666674613953
        ],