{
    "epochs": [
        1,
        2,
        3,
        4,
        5,
        6,
        7,
        8,
        9,
        10,
        11,
        12,
        13,
        14,
        15,
        16,
        17,
        18,
        19,
        20,
        21,
        22,
        23,
        24,
        25
    ],
    "training": {
        "total_loss": [
            16.51902961730957,
            11.973137855529785,
            12.741706848144531,
            14.586505889892578,
            14.168892860412598,
            10.796998977661133,
            9.317400932312012,
            14.209718704223633,
            7.507673263549805,
            9.647696495056152,
            7.236458778381348,
            8.751276969909668,
            7.342390537261963,
            7.510519504547119,
            5.905569553375244,
            7.523004531860352,
            10.547022819519043,
            10.93034839630127,
            4.276390552520752,
            6.606845378875732,
            5.91532564163208,
            6.532867908477783,
            10.798138618469238,
            8.113517761230469,
            12.10728645324707
        ],
        "class_loss": [
            0.2672741413116455,
            0.28302252292633057,
            0.3974161446094513,
            0.29503974318504333,
            0.33218392729759216,
            0.2338596135377884,
            0.25184744596481323,
            0.2694973945617676,
            0.2342328131198883,
            0.23280441761016846,
            0.31056690216064453,
            0.2204834520816803,
            0.21898862719535828,
            0.2523258328437805,
            0.2405286282300949,
            0.23593278229236603,
            0.2566797137260437,
            0.24095866084098816,
            0.21585790812969208,
            0.2393411099910736,
            0.23222021758556366,
            0.2356080710887909,
            0.2220633327960968,
            0.2187214195728302,
            0.2444199025630951
        ],
        "reg_loss": [
            8.666091918945312,
            6.271859645843506,
            6.664328575134277,
            7.64605188369751,
            7.422345161437988,
            5.658014297485352,
            4.877385139465332,
            7.450430870056152,
            3.926751136779785,
            5.053229331970215,
            3.7759714126586914,
            4.58272647857666,
            3.841364860534668,
            3.926344394683838,
            3.0828757286071777,
            3.934641122817993,
            5.524045467376709,
            5.727450847625732,
            2.2280101776123047,
            3.4520933628082275,
            3.0888850688934326,
            3.413550853729248,
            5.659855842590332,
            4.247249126434326,
            6.346527576446533
        ],
        "class_accuracy": [
            0.9287651181221008,
            0.978410542011261,
            0.9826866984367371,
            0.9849812388420105,
            0.987171471118927,
            0.9891530871391296,
            0.9914476275444031,
            0.9930120706558228,
            0.9925948977470398,
            0.9934293031692505,
            0.9948894381523132,
            0.9942636489868164,
            0.9921777248382568,
            0.995202362537384,
            0.995619535446167,
            0.9967668056488037,
            0.9949937462806702,
            0.9963496327400208,
            0.9950980544090271,
            0.9954109191894531,
            0.9962453246116638,
            0.9964538812637329,
            0.9969753623008728,
            0.9974968433380127,
            0.9968711137771606
        ],
        "reg_mae": [
            0.2933806777000427,
            0.2396027147769928,
            0.23175372183322906,
            0.22463391721248627,
            0.22051312029361725,
            0.21413184702396393,
            0.20517487823963165,
            0.20033153891563416,
            0.19589930772781372,
            0.19228623807430267,
            0.1912669539451599,
            0.1882631778717041,
            0.18581093847751617,
            0.18291448056697845,
            0.18173502385616302,
            0.18096332252025604,
            0.17961615324020386,
            0.17859773337841034,
            0.1776268631219864,
            0.1793028861284256,
            0.17767521739006042,
            0.1772196888923645,
            0.17423808574676514,
            0.17497079074382782,
            0.1739329695701599
        ]
    },
    "validation": {
        "total_loss": [
            5.143351078033447,
            4.3309326171875,
            4.371966361999512,
            4.2576704025268555,
            4.1782989501953125,
            3.7816624641418457,
            3.2085978984832764,
            3.2345051765441895,
            2.995575189590454,
            2.90358829498291,
            2.880768060684204,
            2.937870740890503,
            2.7015693187713623,
            2.833522319793701,
            2.623044013977051,
            2.5549566745758057,
            2.54835844039917,
            2.5841448307037354,
            2.536015748977661,
            2.372635841369629,
            2.2144317626953125,
            2.229835271835327,
            2.204174041748047,
            2.302856683731079,
            2.206002712249756
        ],
        "class_loss": [
            0.23863866925239563,
            0.23649188876152039,
            0.2280541956424713,
            0.22088144719600677,
            0.21714502573013306,
            0.21806491911411285,
            0.21563243865966797,
            0.21742023527622223,
            0.21558138728141785,
            0.21490874886512756,
            0.2157336175441742,
            0.21558865904808044,
            0.2141585648059845,
            0.21377217769622803,
            0.21473155915737152,
            0.2118995487689972,
            0.21274198591709137,
            0.21404361724853516,
            0.2135259062051773,
            0.21116098761558533,
            0.21101826429367065,
            0.21382781863212585,
            0.21207702159881592,
            0.211910218000412,
            0.21113795042037964
        ],
        "reg_loss": [
            2.6819071769714355,
            2.254544258117676,
            2.277029275894165,
            2.2176287174224854,
            2.1762473583221436,
            1.967394471168518,
            1.6660375595092773,
            1.6794848442077637,
            1.5539257526397705,
            1.505582332611084,
            1.4934849739074707,
            1.5235542058944702,
            1.3993356227874756,
            1.4688252210617065,
            1.3579461574554443,
            1.32240891456604,
            1.318847417831421,
            1.3375452756881714,
            1.3122687339782715,
            1.2265281677246094,
            1.1432780027389526,
            1.1510893106460571,
            1.1377677917480469,
            1.1897234916687012,
            1.1388291120529175
        ],
        "class_accuracy": [
            0.9983333349227905,
            0.9983333349227905,
            0.9991666674613953,
            0.9991666674613953,
            0.9991666674613953,
            0.9991666674613953,
            0.9991666674613953,
            0.9991666674613953,
            0.9991666674613953,
            0.9991666674613953,
            0.9991666674613953,
            0.9991666674613953,
            0.9991666674613953,
            0.9991666674613953,
            0.9991666674613953,
            0.9991666674613953,
            0.9991666674613953,
            0.9991666674613953,
            0.9991666674613953,
            0.9991666674613953,
            0.9991666674613953,
            0.9991666674613953,
            0.9991666674613953,
            0.9991666674613953,
            0.9991666674613953
        ],