{
    "epochs": [
        1,
        2,
        3,
        4,
        5,
        6,
        7,
        8,
        9,
        10,
        11,
        12,
        13,
        14,
        15,
        16,
        17,
        18,
        19,
        20,
        21,
        22,
        23,
        24,
        25
    ],
    "training": {
        "total_loss": [
            16.898778915405273,
            11.894627571105957,
            16.2736759185791,
            11.669719696044922,
            9.172098159790039,
            7.775047779083252,
            9.654389381408691,
            10.856178283691406,
            11.033275604248047,
            9.965679168701172,
            9.227982521057129,
            12.18869400024414,
            9.361605644226074,
            9.300363540649414,
            11.655081748962402,
            12.011234283447266,
            9.330451965332031,
            6.234374523162842,
            4.581794738769531,
            4.146960735321045,
            8.858634948730469,
            8.973974227905273,
            8.710636138916016,
            10.392681121826172,
            5.298842430114746
        ],
        "class_loss": [
            0.27632415294647217,
            0.27474236488342285,
            0.2857376039028168,
            0.27033546566963196,
            0.2343941479921341,
            0.23947028815746307,
            0.27977779507637024,
            0.23057353496551514,
            0.3000409007072449,
            0.25366485118865967,
            0.2445746660232544,
            0.23736576735973358,
            0.230024054646492,
            0.24172909557819366,
            0.23232559859752655,
            0.2244422435760498,
            0.24197688698768616,
            0.24087372422218323,
            0.2245471477508545,
            0.28590697050094604,
            0.2233007401227951,
            0.248902827501297,
            0.22753560543060303,
            0.27258947491645813,
            0.2167581021785736
        ],
        "reg_loss": [
            9.372859954833984,
            6.592863082885742,
            9.025056838989258,
            6.468159198760986,
            5.082588195800781,
            4.306167125701904,
            5.348006248474121,
            6.0184006690979,
            6.11292839050293,
            5.522396087646484,
            5.113069534301758,
            6.758309841156006,
            5.188112735748291,
            5.153439521789551,
            6.462138652801514,
            6.660439491271973,
            5.170141696929932,
            3.4501595497131348,
            2.5329666137695312,
            2.2879834175109863,
            4.909058094024658,
            4.971713542938232,
            4.826601505279541,
            5.758568286895752,
            2.9317593574523926
        ],
        "class_accuracy": [
            0.9295995235443115,
            0.9800792932510376,
            0.9815394282341003,
            0.9848769307136536,
            0.9885272979736328,
            0.9891530871391296,
            0.9882144331932068,
            0.9903003573417664,
            0.9923863410949707,
            0.9945765733718872,
            0.9942636489868164,
            0.9937421679496765,
            0.9940550923347473,
            0.9946808218955994,
            0.995619535446167,
            0.9954109191894531,
            0.9945765733718872,
            0.9961410164833069,
            0.995932400226593,
            0.9964538812637329,
            0.9957238435745239,
            0.9954109191894531,
            0.9974968433380127,
            0.9964538812637329,
            0.9968711137771606
        ],
        "reg_mae": [
            0.32217124104499817,
            0.24572448432445526,
            0.23245999217033386,
            0.22644327580928802,
            0.21567651629447937,
            0.20616938173770905,
            0.19726383686065674,
            0.19283345341682434,
            0.18766635656356812,
            0.18622854351997375,
            0.18300026655197144,
            0.18136915564537048,
            0.17771945893764496,
            0.17523296177387238,
            0.17417217791080475,
            0.17416934669017792,
            0.17305293679237366,
            0.1743408590555191,
            0.17225520312786102,
            0.17122608423233032,
            0.17014499008655548,
            0.17243734002113342,
            0.16983377933502197,
            0.17033882439136505,
            0.16849951446056366
        ]
    },
    "validation": {
        "total_loss": [
            6.028487682342529,
            5.607459545135498,
            5.268442630767822,
            4.947452545166016,
            4.494812965393066,
            4.151735782623291,
            4.091840744018555,
            3.484292507171631,
            3.5453083515167236,
            3.2505173683166504,
            3.094022274017334,
            2.9883460998535156,
            2.635549783706665,
            2.632207155227661,
            2.52736496925354,
            2.3516857624053955,
            2.3628358840942383,
            2.415391206741333,
            2.2908477783203125,
            2.223377227783203,
            2.237553358078003,
            2.197965621948242,
            2.121675491333008,
            2.131417989730835,
            2.0698492527008057
        ],
        "class_loss": [
            0.25747933983802795,
            0.23263120651245117,
            0.22025899589061737,
            0.21920308470726013,
            0.21910612285137177,
            0.2171964943408966,
            0.21621841192245483,
            0.21649426221847534,
            0.21043771505355835,
            0.21045200526714325,
            0.21122713387012482,
            0.20822292566299438,
            0.21033796668052673,
            0.20822566747665405,
            0.20734718441963196,
            0.2073115110397339,
            0.20679453015327454,
            0.20658285915851593,
            0.2069421112537384,
            0.20647847652435303,
            0.20746809244155884,
            0.20647713541984558,
            0.20649251341819763,
            0.20649996399879456,
            0.20552024245262146
        ],
        "reg_loss": [
            3.334855556488037,
            3.1023316383361816,
            2.9146759510040283,
            2.7364068031311035,
            2.484945774078369,
            2.2944536209106445,
            2.261232852935791,
            1.923690676689148,
            1.9579248428344727,
            1.7941511869430542,
            1.7071664333343506,
            1.6486244201660156,
            1.4525089263916016,
            1.450769305229187,
            1.3925724029541016,
            1.2949748039245605,
            1.3011980056762695,
            1.3304072618484497,
            1.261196494102478,
            1.223738670349121,
            1.2315592765808105,
            1.2096210718154907,
            1.1672368049621582,
            1.1726489067077637,
            1.1384985446929932
        ],
        "class_accuracy": [
            0.996666669845581,
            0.9991666674613953,
            0.9991666674613953,
            0.9991666674613953,
            0.9991666674613953,
            0.9991666674613953,
            0.9991666674613953,
            0.9991666674613953,
            0.9991666674613953,
            0.9991666674613953,
            0.9991666674613953,
            0.9991666674613953,
            0.9991666674613953,
            0.9991666674613953,
            0.9991666674613953,
            0.9991666674613953,
            0.9991666674613953,
            0.9991666674613953,
            0.9991666674613953,
            0.9991666674613953,
            0.9991666674613953,
            0.9991666674613953,
            0.9991666674613953,
            0.9991666674613953,
            0.9991666674613953
        ],