{
    "epochs": [
        1,
        2,
        3,
        4,
        5,
        6,
        7,
        8,
        9,
        10,
        11,
        12,
        13,
        14,
        15
    ],
    "training": {
        "total_loss": [
            18.55206871032715,
            10.509590148925781,
            10.214803695678711,
            10.696179389953613,
            12.499213218688965,
            12.52730941772461,
            8.681081771850586,
            7.06403112411499,
            7.502049922943115,
            8.87588882446289,
            7.258384704589844,
            8.550776481628418,
            6.720969200134277,
            6.870434761047363,
            6.472285270690918
        ],
        "class_loss": [
            0.4154757559299469,
            0.2743861973285675,
            0.2738645672798157,
            0.2732910215854645,
            0.3115595281124115,
            0.24264010787010193,
            0.26627397537231445,
            0.25910601019859314,
            0.22776806354522705,
            0.26582419872283936,
            0.25875124335289,
            0.26103317737579346,
            0.30708757042884827,
            0.2578408718109131,
            0.24605202674865723
        ],
        "reg_loss": [
            10.888541221618652,
            6.165971755981445,
            5.992598056793213,
            6.27579402923584,
            7.334151268005371,
            7.354732036590576,
            5.090855121612549,
            4.140070915222168,
            4.399572372436523,
            5.205473899841309,
            4.254417419433594,
            5.0145134925842285,
            3.9354472160339355,
            4.0262651443481445,
            3.792752742767334
        ],
        "class_accuracy": [
            0.9206299781799316,
            0.979036271572113,
            0.9807050228118896,
            0.9837296605110168,
            0.9868585467338562,
            0.9864413738250732,
            0.9896745681762695,
            0.9917605519294739,
            0.9913433194160461,
            0.9926992058753967,
            0.9924905896186829,
            0.9931163787841797,
            0.9943679571151733,
            0.9935336112976074,
            0.995202362537384
        ],
        "reg_mae": [
            0.32226356863975525,
            0.2458796352148056,
            0.23791953921318054,
            0.22958920896053314,
            0.2240142524242401,
            0.21977797150611877,
            0.21152307093143463,
            0.20874722301959991,
            0.20419928431510925,
            0.19969098269939423,
            0.1981455534696579,
            0.19394135475158691,
            0.19212734699249268,
            0.1903623789548874,
            0.18757082521915436
        ]
    },
    "validation": {
        "total_loss": [
            3.6451926231384277,
            3.2486460208892822,
            3.445755958557129,
            2.9911768436431885,
            2.6469457149505615,
            2.4462194442749023,
            2.289818525314331,
            2.049043655395508,
            2.0647494792938232,
            2.4028313159942627,
            2.200672149658203,
            2.2152180671691895,
            2.1487340927124023,
            2.1146082878112793,
            2.254625082015991
        ],
        "class_loss": [
            0.27758681774139404,
            0.24216905236244202,
            0.24280020594596863,
            0.23496165871620178,
            0.22487086057662964,
            0.22281622886657715,
            0.22352197766304016,
            0.21710744500160217,
            0.21607467532157898,
            0.21429556608200073,
            0.21618743240833282,
            0.2134423851966858,
            0.21354372799396515,
            0.21197360754013062,
            0.21077744662761688
        ],
        "reg_loss": [
            2.1279022693634033,
            1.8967230319976807,
            2.0126328468322754,
            1.7456945180892944,
            1.5437991619110107,
            1.425845742225647,
            1.333803653717041,
            1.1925488710403442,
            1.2018482685089111,
            1.4008245468139648,
            1.2817959785461426,
            1.2905139923095703,
            1.2513997554779053,
            1.2314181327819824,
            1.3138513565063477
        ],
        "class_accuracy": [
            0.9991666674613953,
            0.9991666674613953,
            1.0,
            0.9991666674613953,
            0.9991666674613953,
            0.9991666674613953,
            0.9991666674613953,
            1.0,
            0.9991666674613953,
            1.0,
            1.0,
            1.0,
            1.0,
            0.9991666674613953,
            1.0
        ],
        "reg_mae": [
            0.2379530370235443,
            0.24787575006484985,
            0.2591094672679901,
            0.2459891438484192,
            0.2138955444097519,
            0.19700612127780914,
            0.1836257427930832,
            0.17798392474651337,
            0.1662067323923111,
            0.18266896903514862,
            0.16517828404903412,
            0.16597707569599152,
            0.1622471660375595,
            0.16141396760940552,
            0.167096346616745
        ]
    }
}