{
    "epochs": [
        1,
        2,
        3,
        4,
        5,
        6,
        7,
        8,
        9,
        10,
        11,
        12,
        13,
        14,
        15,
        16,
        17,
        18,
        19
    ],
    "training": {
        "total_loss": [
            12.535300254821777,
            10.259986877441406,
            11.41545295715332,
            10.020530700683594,
            9.377583503723145,
            8.509482383728027,
            7.856841564178467,
            10.31959056854248,
            5.547065258026123,
            7.002990245819092,
            8.449967384338379,
            6.650824069976807,
            7.300580024719238,
            7.236505031585693,
            6.217972278594971,
            7.4032769203186035,
            6.698894500732422,
            11.795893669128418,
            5.244895935058594
        ],
        "class_loss": [
            0.28892889618873596,
            0.2902125120162964,
            0.2833403944969177,
            0.2289125621318817,
            0.24179565906524658,
            0.22688665986061096,
            0.24447855353355408,
            0.261905312538147,
            0.23351871967315674,
            0.28334519267082214,
            0.31022804975509644,
            0.23955635726451874,
            0.21281389892101288,
            0.2522483468055725,
            0.22768425941467285,
            0.23136624693870544,
            0.22505268454551697,
            0.3028336763381958,
            0.22624151408672333
        ],
        "reg_loss": [
            7.356710433959961,
            6.018214702606201,
            6.698305130004883,
            5.880964279174805,
            5.502002239227295,
            4.992231369018555,
            4.607290267944336,
            6.054940700531006,
            3.2492432594299316,
            4.102738380432129,
            4.952320098876953,
            3.8981575965881348,
            4.281940460205078,
            4.241929531097412,
            3.644237518310547,
            4.341259002685547,
            3.9272875785827637,
            6.920947551727295,
            3.0719244480133057
        ],
        "class_accuracy": [
            0.9527534246444702,
            0.9824780821800232,
            0.9862328171730042,
            0.9907175898551941,
            0.991239070892334,
            0.99155193567276,
            0.9931163787841797,
            0.9954109191894531,
            0.9949937462806702,
            0.9944722652435303,
            0.9953066110610962,
            0.9964538812637329,
            0.9957238435745239,
            0.995932400226593,
            0.9974968433380127,
            0.9964538812637329,
            0.9970796704292297,
            0.9973925948143005,
            0.9982269406318665
        ],
        "reg_mae": [
            0.2695986330509186,
            0.22399011254310608,
            0.21564273536205292,
            0.2061316817998886,
            0.1990862339735031,
            0.1961374431848526,
            0.18974846601486206,
            0.18724694848060608,
            0.1830025017261505,
            0.18067100644111633,
            0.17700619995594025,
            0.17682898044586182,
            0.1770046353340149,
            0.17301616072654724,
            0.1713906079530716,
            0.17097589373588562,
            0.16899274289608002,
            0.16948452591896057,
            0.1673479974269867
        ]
    },
    "validation": {
        "total_loss": [
            3.2805910110473633,
            2.607909679412842,
            2.0220370292663574,
            1.7653571367263794,
            1.722480058670044,
            2.1900155544281006,
            2.1199586391448975,
            1.7568615674972534,
            1.8234645128250122,
            1.6996583938598633,
            1.5955474376678467,
            1.4984718561172485,
            1.809016466140747,
            1.6822509765625,
            1.8769406080245972,
            1.9225807189941406,
            1.7688488960266113,
            1.7314828634262085,
            1.7350987195968628
        ],
        "class_loss": [
            0.2561935782432556,
            0.2351842224597931,
            0.22484393417835236,
            0.21513432264328003,
            0.21252697706222534,
            0.2199397087097168,
            0.21398891508579254,
            0.21409732103347778,
            0.21067515015602112,
            0.21182386577129364,
            0.20997637510299683,
            0.20817166566848755,
            0.20926988124847412,
            0.20814570784568787,
            0.2082565426826477,
            0.2064531296491623,
            0.20806251466274261,
            0.20676355063915253,
            0.20536713302135468
        ],
        "reg_loss": [
            1.9146891832351685,
            1.5202301740646362,
            1.176207423210144,
            1.0257903337478638,
            1.0007219314575195,
            1.2753068208694458,
            1.2344470024108887,
            1.0208539962768555,
            1.060233473777771,
            0.9873387813568115,
            0.9262057542800903,
            0.8692086338996887,
            1.0518172979354858,
            0.9773155450820923,
            1.0918322801589966,
            1.1187855005264282,
            1.028260350227356,
            1.0063567161560059,
            1.008565902709961
        ],
        "class_accuracy": [
            0.9991666674613953,
            0.9991666674613953,
            0.9991666674613953,
            1.0,
            1.0,
            0.9991666674613953,
            1.0,
            1.0,
            1.0,
            0.9991666674613953,
            1.0,
            1.0,
            1.0,
            1.0,
            1.0,
            1.0,
            1.0,
            1.0,
            1.0
        ],
        "reg_mae": [
            0.2265433520078659,
            0.2184208631515503,
            0.18509063124656677,
            0.17211821675300598,
            0.16150425374507904,
            0.18480832874774933,
            0.18526442348957062,
            0.16541434824466705,
            0.1680460423231125,
            0.15344513952732086,
            0.1519954651594162,
            0.15486271679401398,
            0.16596534848213196,
            0.1543741524219513,
            0.1654362678527832,
            0.16887685656547546,
            0.15891459584236145,
            0.16034619510173798,
            0.15549065172672272
        ]
    }
}