{
    "epochs": [
        1,
        2,
        3,
        4,
        5,
        6,
        7,
        8,
        9,
        10,
        11,
        12,
        13,
        14,
        15
    ],
    "training": {
        "total_loss": [
            14.976923942565918,
            9.93148422241211,
            8.291635513305664,
            9.763233184814453,
            13.33062744140625,
            11.532171249389648,
            7.3474507331848145,
            9.108770370483398,
            8.841653823852539,
            6.7548604011535645,
            10.19644546508789,
            7.760347366333008,
            8.170626640319824,
            8.355554580688477,
            6.120818614959717
        ],
        "class_loss": [
            0.2718721330165863,
            0.2564360797405243,
            0.2779724597930908,
            0.27556705474853516,
            0.2883194088935852,
            0.23830118775367737,
            0.26777833700180054,
            0.24472446739673615,
            0.24427342414855957,
            0.235003262758255,
            0.24043436348438263,
            0.2169855386018753,
            0.23017080128192902,
            0.23700976371765137,
            0.26180338859558105
        ],
        "reg_loss": [
            8.290305137634277,
            5.4889984130859375,
            4.575578689575195,
            5.393399715423584,
            7.373868942260742,
            6.380284309387207,
            4.052164077758789,
            5.033236980438232,
            4.884888648986816,
            3.726588726043701,
            5.637977123260498,
            4.287194728851318,
            4.513662815093994,
            4.615640163421631,
            3.371365785598755
        ],
        "class_accuracy": [
            0.9301210045814514,
            0.9778890013694763,
            0.9802878499031067,
            0.9842511415481567,
            0.9857112765312195,
            0.9879015684127808,
            0.9897788763046265,
            0.9907175898551941,
            0.9897788763046265,
            0.9916562438011169,
            0.9920734167098999,
            0.9939507842063904,
            0.9950980544090271,
            0.9929078221321106,
            0.995619535446167
        ],
        "reg_mae": [
            0.3050606846809387,
            0.2453162521123886,
            0.23849621415138245,
            0.23184770345687866,
            0.2226564735174179,
            0.21458524465560913,
            0.20826277136802673,
            0.20358283817768097,
            0.19918400049209595,
            0.19483059644699097,
            0.19248835742473602,
            0.18916550278663635,
            0.18605566024780273,
            0.1852191835641861,
            0.18402495980262756
        ]
    },
    "validation": {
        "total_loss": [
            4.208065986633301,
            4.839236736297607,
            4.478520393371582,
            3.832367181777954,
            3.681325674057007,
            3.181873321533203,
            3.060971975326538,
            2.661238670349121,
            2.7630856037139893,
            2.696057081222534,
            2.716675043106079,
            2.772974967956543,
            2.8189914226531982,
            2.6961283683776855,
            2.6875429153442383
        ],
        "class_loss": [
            0.26206427812576294,
            0.24262692034244537,
            0.23784849047660828,
            0.2276020646095276,
            0.23174460232257843,
            0.22362223267555237,
            0.22201400995254517,
            0.21468064188957214,
            0.21776670217514038,
            0.22008761763572693,
            0.22100892663002014,
            0.21633513271808624,
            0.21376246213912964,
            0.2147025763988495,
            0.2130049765110016
        ],
        "reg_loss": [
            2.3086962699890137,
            2.661506414413452,
            2.461639404296875,
            2.103803873062134,
            2.0194315910339355,
            1.7428605556488037,
            1.6758718490600586,
            1.4546126127243042,
            1.510851263999939,
            1.4733552932739258,
            1.4847073554992676,
            1.5165044069290161,
            1.542354941368103,
            1.473993182182312,
            1.469412088394165
        ],
        "class_accuracy": [
            0.9991666674613953,
            0.9991666674613953,
            0.9991666674613953,
            0.9991666674613953,
            0.9991666674613953,
            0.9991666674613953,
            0.9991666674613953,
            1.0,
            0.9991666674613953,
            0.9991666674613953,
            0.9991666674613953,
            1.0,
            1.0,
            1.0,
            1.0
        ],
        "reg_mae": [
            0.26165249943733215,
            0.28973138332366943,
            0.2786208987236023,
            0.25626227259635925,
            0.24878965318202972,
            0.21570219099521637,
            0.20868843793869019,
            0.18128898739814758,
            0.18493883311748505,
            0.1781366914510727,
            0.17119596898555756,
            0.17181427776813507,
            0.17161360383033752,
            0.1651858240365982,
            0.16439491510391235
        ]
    }
}