{
    "epochs": [
        1,
        2,
        3,
        4,
        5,
        6,
        7,
        8,
        9,
        10,
        11,
        12,
        13,
        14,
        15,
        16,
        17,
        18,
        19,
        20,
        21,
        22,
        23,
        24
    ],
    "training": {
        "total_loss": [
            13.649751663208008,
            10.669058799743652,
            8.042214393615723,
            9.30674934387207,
            9.113688468933105,
            6.710844993591309,
            12.067177772521973,
            8.668852806091309,
            7.495357990264893,
            4.7108354568481445,
            8.359563827514648,
            6.009827613830566,
            8.45956802368164,
            7.546440124511719,
            8.979206085205078,
            5.150238990783691,
            6.820208549499512,
            8.233407020568848,
            7.607011318206787,
            6.285086631774902,
            4.9443678855896,
            6.955833435058594,
            2.8206899166107178,
            8.457079887390137
        ],
        "class_loss": [
            0.26705437898635864,
            0.25492772459983826,
            0.2433001548051834,
            0.24085645377635956,
            0.2988234758377075,
            0.22885672748088837,
            0.2259819507598877,
            0.24960580468177795,
            0.23757223784923553,
            0.2823870778083801,
            0.22709250450134277,
            0.21228119730949402,
            0.27818289399147034,
            0.2836098074913025,
            0.21490713953971863,
            0.24304786324501038,
            0.21119236946105957,
            0.2125694751739502,
            0.2160918414592743,
            0.22079110145568848,
            0.2135075032711029,
            0.23060378432273865,
            0.22918692231178284,
            0.235392764210701
        ],
        "reg_loss": [
            7.553523063659668,
            5.898929595947266,
            4.440863609313965,
            5.143654823303223,
            5.0299577713012695,
            3.7028188705444336,
            6.6788787841796875,
            4.788295745849609,
            4.137691020965576,
            2.58575439453125,
            4.618969440460205,
            3.315206527709961,
            4.668850898742676,
            4.160954475402832,
            4.964569568634033,
            2.8342385292053223,
            3.7655389308929443,
            4.550496578216553,
            4.2021074295043945,
            3.4671826362609863,
            2.7231478691101074,
            3.8387293815612793,
            1.5415847301483154,
            4.672223091125488
        ],
        "class_accuracy": [
            0.9582811594009399,
            0.9868585467338562,
            0.9882144331932068,
            0.9910304546356201,
            0.9934293031692505,
            0.9930120706558228,
            0.9934293031692505,
            0.9942636489868164,
            0.9944722652435303,
            0.9949937462806702,
            0.9945765733718872,
            0.9967668056488037,
            0.9962453246116638,
            0.9965581893920898,
            0.9978097677230835,
            0.9962453246116638,
            0.9971839785575867,
            0.9980183839797974,
            0.9966624975204468,
            0.9969753623008728,
            0.9974968433380127,
            0.9985398650169373,
            0.9972882866859436,
            0.9976011514663696
        ],
        "reg_mae": [
            0.2855775058269501,
            0.23342466354370117,
            0.2209141105413437,
            0.21182018518447876,
            0.20435693860054016,
            0.19815582036972046,
            0.1944514960050583,
            0.18724267184734344,
            0.1848856657743454,
            0.1820894330739975,
            0.17976583540439606,
            0.1771872341632843,
            0.17667843401432037,
            0.17611557245254517,
            0.17208881676197052,
            0.17074589431285858,
            0.17115092277526855,
            0.16932570934295654,
            0.1702830046415329,
            0.169263556599617,
            0.1659623682498932,
            0.16667667031288147,
            0.16725124418735504,
            0.16745314002037048
        ]
    },
    "validation": {
        "total_loss": [
            4.8562188148498535,
            2.1893386840820312,
            1.767825961112976,
            1.6407164335250854,
            1.95460844039917,
            1.7749937772750854,
            1.7887773513793945,
            1.8500168323516846,
            1.7990813255310059,
            1.6124851703643799,
            1.7682992219924927,
            1.8402431011199951,
            1.7955666780471802,
            1.716528058052063,
            1.7650083303451538,
            1.8110781908035278,
            1.5652579069137573,
            1.6731022596359253,
            1.7828303575515747,
            1.6636228561401367,
            1.676587462425232,
            1.659825086593628,
            1.6297991275787354,
            1.5768290758132935
        ],
        "class_loss": [
            0.23313680291175842,
            0.2203546017408371,
            0.21837784349918365,
            0.2129645049571991,
            0.21200692653656006,
            0.21266773343086243,
            0.20646053552627563,
            0.20870181918144226,
            0.2081943154335022,
            0.21070070564746857,
            0.20751610398292542,
            0.207026869058609,
            0.2069825530052185,
            0.20703211426734924,
            0.20739366114139557,
            0.2080274373292923,
            0.20702309906482697,
            0.2070847749710083,
            0.2070547342300415,
            0.20765438675880432,
            0.20580431818962097,
            0.20568934082984924,
            0.20605212450027466,
            0.20548668503761292
        ],
        "reg_loss": [
            2.671995162963867,
            1.1918153762817383,
            0.9578613638877869,
            0.8878464102745056,
            1.0623372793197632,
            0.9624779224395752,
            0.9708251953125,
            1.0045980215072632,
            0.9763569831848145,
            0.8724139332771301,
            0.9593311548233032,
            0.999354362487793,
            0.9745389819145203,
            0.9306231737136841,
            0.9575164318084717,
            0.983040452003479,
            0.846585214138031,
            0.9064918160438538,
            0.967455267906189,
            0.9011622667312622,
            0.9085703492164612,
            0.8992707133293152,
            0.8825492858886719,
            0.8531843423843384
        ],
        "class_accuracy": [
            0.9983333349227905,
            0.9991666674613953,
            0.9991666674613953,
            0.9991666674613953,
            0.9991666674613953,
            1.0,
            1.0,
            1.0,
            1.0,
            0.9991666674613953,
            1.0,
            1.0,
            1.0,
            1.0,
            0.9991666674613953,
            1.0,
            1.0,
            1.0,
            1.0,
            1.0,
            1.0,
            1.0,
            1.0,
            1.0
        ],