{
    "epochs": [
        1,
        2,
        3,
        4,
        5,
        6,
        7,
        8,
        9,
        10,
        11,
        12,
        13,
        14,
        15,
        16,
        17,
        18,
        19,
        20,
        21,
        22,
        23,
        24,
        25
    ],
    "training": {
        "total_loss": [
            18.150249481201172,
            14.066269874572754,
            10.011316299438477,
            15.407140731811523,
            11.795974731445312,
            6.612533092498779,
            11.385141372680664,
            5.423180103302002,
            9.5779390335083,
            6.307491779327393,
            8.628223419189453,
            7.740779876708984,
            6.715433120727539,
            6.858897686004639,
            9.970185279846191,
            5.638008117675781,
            5.300455093383789,
            8.045135498046875,
            8.28145694732666,
            10.647904396057129,
            8.462336540222168,
            6.429624080657959,
            6.9630937576293945,
            7.674465656280518,
            6.0464043617248535
        ],
        "class_loss": [
            0.2840605676174164,
            0.25819656252861023,
            0.24658656120300293,
            0.24208450317382812,
            0.22483019530773163,
            0.3553006649017334,
            0.22711023688316345,
            0.2620740830898285,
            0.2466975897550583,
            0.21286515891551971,
            0.282929927110672,
            0.2382400929927826,
            0.24204564094543457,
            0.2515411376953125,
            0.24432258307933807,
            0.2250959575176239,
            0.23152156174182892,
            0.2585194408893585,
            0.2218455821275711,
            0.21986787021160126,
            0.21487705409526825,
            0.22077350318431854,
            0.22333168983459473,
            0.24944674968719482,
            0.22147467732429504
        ],
        "reg_loss": [
            10.0676908493042,
            7.800250053405762,
            5.54814338684082,
            8.546073913574219,
            6.540829181671143,
            3.653890609741211,
            6.312461853027344,
            2.9983181953430176,
            5.307372093200684,
            3.4923362731933594,
            4.777739524841309,
            4.287197589874268,
            3.7173492908477783,
            3.7965242862701416,
            5.525418281555176,
            3.1197214126586914,
            2.9318349361419678,
            4.45515775680542,
            4.588484764099121,
            5.903287410736084,
            4.689360618591309,
            3.5597481727600098,
            3.85597825050354,
            4.249733924865723,
            3.3468093872070312
        ],
        "class_accuracy": [
            0.9252189993858337,
            0.9753859043121338,
            0.9817480444908142,
            0.9843554496765137,
            0.9850855469703674,
            0.9879015684127808,
            0.9901960492134094,
            0.991239070892334,
            0.9929078221321106,
            0.991969108581543,
            0.9926992058753967,
            0.9931163787841797,
            0.9954109191894531,
            0.9941593408584595,
            0.9944722652435303,
            0.9954109191894531,
            0.9953066110610962,
            0.9957238435745239,
            0.995932400226593,
            0.9953066110610962,
            0.99603670835495,
            0.9954109191894531,
            0.9965581893920898,
            0.9958280920982361,
            0.9962453246116638
        ],
        "reg_mae": [
            0.3089387118816376,
            0.24221199750900269,
            0.23314602673053741,
            0.22611816227436066,
            0.2213067263364792,
            0.21147625148296356,
            0.20751361548900604,
            0.20238925516605377,
            0.19862152636051178,
            0.19466182589530945,
            0.19265598058700562,
            0.1891213208436966,
            0.1875002086162567,
            0.18623165786266327,
            0.18432435393333435,
            0.1830717772245407,
            0.1807878166437149,
            0.18139876425266266,
            0.1803411990404129,
            0.1799039989709854,
            0.18001726269721985,
            0.17805428802967072,
            0.17702540755271912,
            0.17632737755775452,
            0.17451485991477966
        ]
    },
    "validation": {
        "total_loss": [
            4.587286949157715,
            4.2007551193237305,
            3.401698112487793,
            3.178523063659668,
            3.57796573638916,
            3.4426259994506836,
            2.8584201335906982,
            3.06489634513855,
            3.0485830307006836,
            3.197374105453491,
            3.129659414291382,
            2.8965864181518555,
            2.7182326316833496,
            2.755939245223999,
            2.609795570373535,
            2.5892674922943115,
            2.5610668659210205,
            2.412116527557373,
            2.362119674682617,
            2.349039316177368,
            2.414947271347046,
            2.3260955810546875,
            2.294689893722534,
            2.2321667671203613,
            2.2909231185913086
        ],
        "class_loss": [
            0.25917041301727295,
            0.2452748417854309,
            0.2325427234172821,
            0.23215347528457642,
            0.2283705323934555,
            0.22441406548023224,
            0.22174248099327087,
            0.22256404161453247,
            0.22060856223106384,
            0.22039589285850525,
            0.2169000506401062,
            0.21511310338974,
            0.2161206305027008,
            0.21484911441802979,
            0.21303826570510864,
            0.21170851588249207,
            0.21228966116905212,
            0.21138158440589905,
            0.2121085524559021,
            0.211777925491333,
            0.21122974157333374,
            0.21253955364227295,
            0.2114318460226059,
            0.2108212560415268,
            0.2107030302286148
        ],
        "reg_loss": [
            2.5340943336486816,
            2.320126533508301,
            1.87691330909729,
            1.7529487609863281,
            1.9750714302062988,
            1.9001026153564453,
            1.5756921768188477,
            1.6903555393218994,
            1.681401252746582,
            1.7640748023986816,
            1.7266497611999512,
            1.5972639322280884,
            1.4981224536895752,
            1.519141435623169,
            1.4380509853363037,
            1.426720380783081,
            1.411021113395691,
            1.3283213376998901,
            1.3005049228668213,
            1.293256402015686,
            1.3299024105072021,
            1.2804675102233887,
            1.2630815505981445,
            1.2283803224563599,
            1.2610293626785278
        ],
        "class_accuracy": [
            0.9975000023841858,
            0.9983333349227905,
            0.9991666674613953,
            0.9991666674613953,
            0.9991666674613953,
            0.9991666674613953,
            0.9991666674613953,
            0.9991666674613953,
            0.9991666674613953,
            0.9991666674613953,
            1.0,
            1.0,
            0.9991666674613953,
            0.9991666674613953,
            0.9991666674613953,
            0.9991666674613953,
            1.0,
            1.0,
            0.9991666674613953,
            0.9991666674613953,
            0.9991666674613953,
            0.9991666674613953,
            0.9991666674613953,
            0.9991666674613953,
            0.9991666674613953
        ],