{
    "epochs": [
        1,
        2,
        3,
        4,
        5,
        6,
        7,
        8,
        9,
        10,
        11,
        12
    ],
    "training": {
        "total_loss": [
            13.459931373596191,
            16.627933502197266,
            14.033941268920898,
            12.899937629699707,
            14.740117073059082,
            12.908020973205566,
            10.432854652404785,
            13.384151458740234,
            9.704375267028809,
            10.471138000488281,
            10.57578182220459,
            8.244978904724121
        ],
        "class_loss": [
            0.2595248520374298,
            0.26363009214401245,
            0.2590770125389099,
            0.2541747987270355,
            0.2438211888074875,
            0.25659435987472534,
            0.2943711280822754,
            0.24966058135032654,
            0.25075405836105347,
            0.22235608100891113,
            0.2510978579521179,
            0.2301437109708786
        ],
        "reg_loss": [
            7.070515155792236,
            8.737668991088867,
            7.372649192810059,
            6.776063442230225,
            7.745123386383057,
            6.780190467834473,
            5.475482940673828,
            7.0311503410339355,
            5.0943684577941895,
            5.499422073364258,
            5.552985191345215,
            4.32735013961792
        ],
        "class_accuracy": [
            0.9264705777168274,
            0.978723406791687,
            0.9840425252914429,
            0.9860242009162903,
            0.9883187413215637,
            0.9885272979736328,
            0.9908218383789062,
            0.9892573952674866,
            0.9920734167098999,
            0.9921777248382568,
            0.9942636489868164,
            0.9942636489868164
        ],
        "reg_mae": [
            0.29724568128585815,
            0.23810309171676636,
            0.22872434556484222,
            0.22135566174983978,
            0.214538112282753,
            0.2102571576833725,
            0.2045762836933136,
            0.19953696429729462,
            0.19410282373428345,
            0.1922825574874878,
            0.1890234649181366,
            0.18661294877529144
        ]
    },
    "validation": {
        "total_loss": [
            3.783775568008423,
            3.2179794311523438,
            2.414400100708008,
            2.0512256622314453,
            1.793699860572815,
            2.17856764793396,
            2.5713555812835693,
            2.567854404449463,
            2.4748756885528564,
            2.693375587463379,
            2.5687637329101562,
            2.530808925628662
        ],
        "class_loss": [
            0.27399957180023193,
            0.2354321926832199,
            0.2303650677204132,
            0.22530050575733185,
            0.21564966440200806,
            0.21731126308441162,
            0.2114710807800293,
            0.21565310657024384,
            0.2121504545211792,
            0.21399354934692383,
            0.20979970693588257,
            0.21210914850234985
        ],
        "reg_loss": [
            1.9770398139953613,
            1.6812822818756104,
            1.2586123943328857,
            1.0677344799041748,
            0.9327026009559631,
            1.1351771354675293,
            1.3422150611877441,
            1.3401522636413574,
            1.29140043258667,
            1.4063034057617188,
            1.340938925743103,
            1.3208410739898682
        ],
        "class_accuracy": [
            0.9991666674613953,
            0.9991666674613953,
            0.9991666674613953,
            1.0,
            1.0,
            0.9991666674613953,
            1.0,
            0.9991666674613953,
            0.9991666674613953,
            0.9991666674613953,
            0.9991666674613953,
            0.9991666674613953
        ],
        "reg_mae": [
            0.20412227511405945,
            0.16371624171733856,
            0.15558981895446777,
            0.13284417986869812,
            0.12605226039886475,
            0.1365959495306015,
            0.15313902497291565,
            0.1503547728061676,
            0.15413400530815125,
            0.1617097407579422,
            0.15880762040615082,
            0.16096071898937225
        ]
    }
}