{
    "epochs": [
        1,
        2,
        3,
        4,
        5,
        6,
        7,
        8,
        9,
        10,
        11,
        12,
        13,
        14,
        15,
        16,
        17,
        18,
        19,
        20,
        21,
        22,
        23,
        24,
        25
    ],
    "training": {
        "total_loss": [
            18.08315658569336,
            10.173822402954102,
            16.801578521728516,
            10.620158195495605,
            11.811092376708984,
            14.302342414855957,
            10.73111343383789,
            8.556209564208984,
            12.639151573181152,
            9.948850631713867,
            9.431729316711426,
            8.620890617370605,
            8.444792747497559,
            8.875567436218262,
            7.01583194732666,
            6.4015631675720215,
            7.885833740234375,
            10.738667488098145,
            10.271505355834961,
            7.685356140136719,
            9.060582160949707,
            7.739722728729248,
            5.3989129066467285,
            8.099786758422852,
            6.475037097930908
        ],
        "class_loss": [
            0.25271716713905334,
            0.26966434717178345,
            0.3106447756290436,
            0.2653478980064392,
            0.39299118518829346,
            0.32669878005981445,
            0.28366875648498535,
            0.28937697410583496,
            0.25034084916114807,
            0.26000890135765076,
            0.24991121888160706,
            0.23643270134925842,
            0.22241540253162384,
            0.2628868520259857,
            0.24488916993141174,
            0.24887904524803162,
            0.22546645998954773,
            0.2196315973997116,
            0.2568508982658386,
            0.21726062893867493,
            0.22109106183052063,
            0.22614438831806183,
            0.2217082977294922,
            0.22385163605213165,
            0.23093903064727783
        ],
        "reg_loss": [
            10.607419967651367,
            5.952876091003418,
            9.846735000610352,
            6.215934753417969,
            6.9014668464660645,
            8.374707221984863,
            6.279046535491943,
            4.999019622802734,
            7.405343055725098,
            5.821675777435303,
            5.518674850463867,
            5.043295860290527,
            4.94135856628418,
            5.1899943351745605,
            4.098149299621582,
            3.7363455295562744,
            4.6122002601623535,
            6.291024208068848,
            6.011843681335449,
            4.495237350463867,
            5.303743362426758,
            4.526172637939453,
            3.149747848510742,
            4.738245010375977,
            3.7816758155822754
        ],
        "class_accuracy": [
            0.9339799880981445,
            0.9765331745147705,
            0.9810179471969604,
            0.9865456819534302,
            0.9870671629905701,
            0.987171471118927,
            0.9922820329666138,
            0.991239070892334,
            0.9924905896186829,
            0.9933249950408936,
            0.9939507842063904,
            0.9924905896186829,
            0.995202362537384,
            0.9950980544090271,
            0.9953066110610962,
            0.9963496327400208,
            0.9949937462806702,
            0.995202362537384,
            0.9946808218955994,
            0.9957238435745239,
            0.9962453246116638,
            0.9965581893920898,
            0.9972882866859436,
            0.9970796704292297,
            0.9977054595947266
        ],
        "reg_mae": [
            0.3161575496196747,
            0.24447321891784668,
            0.2343245893716812,
            0.22518835961818695,
            0.2186206430196762,
            0.20725229382514954,
            0.2019796222448349,
            0.19656683504581451,
            0.19201304018497467,
            0.18936854600906372,
            0.1868269145488739,
            0.18294590711593628,
            0.18124596774578094,
            0.17902691662311554,
            0.17736493051052094,
            0.17704173922538757,
            0.17708666622638702,
            0.17491382360458374,
            0.1734897494316101,
            0.17425690591335297,
            0.17284423112869263,
            0.17279194295406342,
            0.17090068757534027,
            0.16941499710083008,
            0.17006051540374756
        ]
    },
    "validation": {
        "total_loss": [
            5.428982734680176,
            4.864332675933838,
            4.85655403137207,
            4.505792140960693,
            3.8482813835144043,
            3.9388961791992188,
            3.5891165733337402,
            3.6869277954101562,
            3.3449671268463135,
            3.3545174598693848,
            3.1466939449310303,
            2.9600422382354736,
            2.658177375793457,
            2.640178918838501,
            2.7231407165527344,
            2.6371853351593018,
            2.438955783843994,
            2.339608907699585,
            2.357530117034912,
            2.246953010559082,
            2.2353289127349854,
            2.1754653453826904,
            2.1551222801208496,
            2.135387420654297,
            2.0529580116271973
        ],
        "class_loss": [
            0.2577974200248718,
            0.23663665354251862,
            0.22551777958869934,
            0.2210323065519333,
            0.21846185624599457,
            0.21388040482997894,
            0.21335017681121826,
            0.21172434091567993,
            0.20883825421333313,
            0.21079163253307343,
            0.20841465890407562,
            0.20960158109664917,
            0.20958665013313293,
            0.20858068764209747,
            0.20709136128425598,
            0.20660120248794556,
            0.20862171053886414,
            0.20757819712162018,
            0.2077062726020813,
            0.2071380764245987,
            0.20610278844833374,
            0.20706281065940857,
            0.20603257417678833,
            0.20564618706703186,
            0.20629726350307465
        ],
        "reg_loss": [
            3.1631901264190674,
            2.8335323333740234,
            2.8302650451660156,
            2.624462127685547,
            2.2379934787750244,
            2.291835308074951,
            2.0861449241638184,
            2.1438722610473633,
            1.9430584907531738,
            1.94844651222229,
            1.82647705078125,
            1.7165422439575195,
            1.5389764308929443,
            1.5285074710845947,
            1.5774837732315063,
            1.5269793272018433,
            1.4101359844207764,
            1.3518195152282715,
            1.3623462915420532,
            1.297367811203003,
            1.2906519174575806,
            1.2553250789642334,
            1.2434797286987305,
            1.2319164276123047,
            1.183351993560791
        ],
        "class_accuracy": [
            0.9991666674613953,
            0.9983333349227905,
            0.9991666674613953,
            0.9991666674613953,
            0.9991666674613953,
            1.0,
            1.0,
            1.0,
            1.0,
            1.0,
            1.0,
            1.0,
            1.0,
            1.0,
            1.0,
            1.0,
            1.0,
            1.0,
            1.0,
            1.0,
            1.0,
            1.0,
            1.0,
            1.0,
            1.0
        ],