{
    "epochs": [
        1,
        2,
        3,
        4,
        5,
        6,
        7,
        8,
        9,
        10,
        11,
        12,
        13,
        14,
        15,
        16
    ],
    "training": {
        "total_loss": [
            11.152860641479492,
            7.249230861663818,
            8.124835968017578,
            6.493711471557617,
            9.971555709838867,
            8.589537620544434,
            11.38951301574707,
            7.157881259918213,
            8.127493858337402,
            4.865374565124512,
            5.603648662567139,
            6.150609493255615,
            6.274205207824707,
            7.2397942543029785,
            9.505125999450684,
            3.1514511108398438
        ],
        "class_loss": [
            0.24873678386211395,
            0.2385404407978058,
            0.2669351100921631,
            0.24946098029613495,
            0.24593493342399597,
            0.2899650037288666,
            0.2480485439300537,
            0.22072140872478485,
            0.2714169919490814,
            0.22117209434509277,
            0.22748275101184845,
            0.22616751492023468,
            0.22677946090698242,
            0.22695502638816833,
            0.26481008529663086,
            0.3089924156665802
        ],
        "reg_loss": [
            6.531242847442627,
            4.236189842224121,
            4.747910976409912,
            3.7904815673828125,
            5.8366875648498535,
            5.018555641174316,
            6.670530796051025,
            4.184551239013672,
            4.7489471435546875,
            2.8359649181365967,
            3.269501209259033,
            3.591397523880005,
            3.6640288829803467,
            4.232001781463623,
            5.560096263885498,
            1.8174426555633545
        ],
        "class_accuracy": [
            0.9562995433807373,
            0.9845640659332275,
            0.9901960492134094,
            0.9910304546356201,
            0.9913433194160461,
            0.9916562438011169,
            0.9942636489868164,
            0.9945765733718872,
            0.995619535446167,
            0.995619535446167,
            0.9954109191894531,
            0.9954109191894531,
            0.9966624975204468,
            0.9966624975204468,
            0.9972882866859436,
            0.9976011514663696
        ],
        "reg_mae": [
            0.2691306173801422,
            0.22841665148735046,
            0.21515938639640808,
            0.20299749076366425,
            0.20065870881080627,
            0.1946917623281479,
            0.1894654631614685,
            0.18407844007015228,
            0.18043842911720276,
            0.1779804527759552,
            0.17758440971374512,
            0.17706386744976044,
            0.17477719485759735,
            0.17375081777572632,
            0.17055118083953857,
            0.16986455023288727
        ]
    },
    "validation": {
        "total_loss": [
            4.171966075897217,
            3.3796420097351074,
            2.45931339263916,
            2.3137710094451904,
            1.9123343229293823,
            1.7428799867630005,
            1.9689198732376099,
            1.8870747089385986,
            1.6850193738937378,
            2.0490236282348633,
            1.9207305908203125,
            1.983230710029602,
            1.999063491821289,
            1.8993916511535645,
            1.7242565155029297,
            1.7655233144760132
        ],
        "class_loss": [
            0.23897245526313782,
            0.2247714102268219,
            0.21399791538715363,
            0.21725407242774963,
            0.2145238071680069,
            0.21104970574378967,
            0.20913007855415344,
            0.20503421127796173,
            0.20803344249725342,
            0.2072787582874298,
            0.20714597404003143,
            0.20760706067085266,
            0.2079797387123108,
            0.20615042746067047,
            0.20671766996383667,
            0.20609280467033386
        ],
        "reg_loss": [
            2.425983428955078,
            1.9615809917449951,
            1.4214787483215332,
            1.3354824781417847,
            1.0996644496917725,
            1.0003941059112549,
            1.1335846185684204,
            1.0859222412109375,
            0.9667133092880249,
            1.180922269821167,
            1.1054713726043701,
            1.1421818733215332,
            1.1514514684677124,
            1.09303617477417,
            0.9899487495422363,
            1.0142968893051147
        ],
        "class_accuracy": [
            0.9975000023841858,
            0.9983333349227905,
            0.9991666674613953,
            0.9991666674613953,
            0.9983333349227905,
            0.9991666674613953,
            0.9991666674613953,
            0.9991666674613953,
            0.9991666674613953,
            0.9991666674613953,
            0.9991666674613953,
            0.9991666674613953,
            0.9991666674613953,
            0.9991666674613953,
            0.9991666674613953,
            0.9991666674613953
        ],
        "reg_mae": [
            0.26894596219062805,
            0.25609007477760315,
            0.20614683628082275,
            0.20857059955596924,
            0.18896479904651642,
            0.16538579761981964,
            0.16392460465431213,
            0.16927018761634827,
            0.15556903183460236,
            0.17696434259414673,
            0.16357898712158203,
            0.1598767787218094,
            0.15815550088882446,
            0.16136610507965088,
            0.15005947649478912,
            0.15139086544513702
        ]
    }
}