{
    "total_loss": [
        15.399325370788574,
        10.353813171386719,
        11.931230545043945,
        10.03976058959961,
        12.254462242126465,
        9.85990047454834,
        6.363689422607422,
        10.212757110595703,
        6.911708831787109,
        11.075542449951172,
        7.4607720375061035,
        9.41940689086914,
        6.808422088623047,
        11.144838333129883,
        5.790052890777588,
        7.843350887298584,
        3.7216944694519043,
        5.393251895904541,
        5.631895542144775,
        7.004300117492676,
        8.90009880065918,
        8.022699356079102,
        8.50001049041748,
        9.9931058883667,
        5.183373928070068
    ],
    "class_loss": [
        0.29722005128860474,
        0.37959620356559753,
        0.2452404499053955,
        0.24004526436328888,
        0.2234232872724533,
        0.334904283285141,
        0.23481154441833496,
        0.21326994895935059,
        0.24644389748573303,
        0.277179092168808,
        0.22662238776683807,
        0.2337605506181717,
        0.2113703191280365,
        0.21863162517547607,
        0.2172897309064865,
        0.21841302514076233,
        0.25243061780929565,
        0.2321179211139679,
        0.244552880525589,
        0.21627673506736755,
        0.22876301407814026,
        0.23261037468910217,
        0.24312877655029297,
        0.20971576869487762,
        0.22556300461292267
    ],
    "reg_loss": [
        8.07362174987793,
        5.409418106079102,
        6.253780364990234,
        5.258816719055176,
        6.426198959350586,
        5.154168128967285,
        3.3245933055877686,
        5.352685928344727,
        3.611800193786621,
        5.800055980682373,
        3.902867317199707,
        4.932976245880127,
        3.5611305236816406,
        5.842690944671631,
        3.0245237350463867,
        4.105088710784912,
        1.9322149753570557,
        2.814120292663574,
        2.938413143157959,
        3.663707733154297,
        4.660182476043701,
        4.197988033294678,
        4.448097229003906,
        5.237453937530518,
        2.704348087310791
    ],
    "class_accuracy": [
        0.9507718086242676,
        0.983208179473877,
        0.9873800873756409,
        0.9909261465072632,
        0.9923863410949707,
        0.9918648600578308,
        0.9938464760780334,
        0.9931163787841797,
        0.9946808218955994,
        0.9946808218955994,
        0.9955152273178101,
        0.995932400226593,
        0.9977054595947266,
        0.9962453246116638,
        0.9969753623008728,
        0.9967668056488037,
        0.9963496327400208,
        0.9982269406318665,
        0.9968711137771606,
        0.9973925948143005,
        0.9971839785575867,
        0.9981226325035095,
        0.9984355568885803,
        0.9978097677230835,
        0.9971839785575867
    ],
    "reg_mae": [
        0.2582275867462158,
        0.2233840823173523,
        0.21524927020072937,
        0.201759934425354,
        0.19279609620571136,
        0.18847377598285675,
        0.18317186832427979,
        0.17970341444015503,
        0.1766529083251953,
        0.17270423471927643,
        0.17271536588668823,
        0.16852103173732758,
        0.16968564689159393,
        0.16946184635162354,
        0.16673007607460022,
        0.16698960959911346,
        0.16514720022678375,
        0.16500692069530487,
        0.1649692952632904,
        0.16370728611946106,
        0.16348235309123993,
        0.16451244056224823,
        0.1627560555934906,
        0.16346469521522522,
        0.1625511795282364
    ],
    "val_total_loss": [
        5.16993522644043,
        4.509643077850342,
        4.224214553833008,
        4.067481994628906,
        3.3756563663482666,
        3.4663777351379395,
        3.350393295288086,
        3.1495797634124756,
        2.5727148056030273,
        2.6427505016326904,
        2.6041383743286133,
        2.4512805938720703,
        2.475754499435425,
        2.279189348220825,
        2.3530220985412598,
        2.339526653289795,
        2.33503794670105,
        2.348098039627075,
        2.2342946529388428,
        2.280416488647461,
        2.2135727405548096,
        2.190124750137329,
        2.2116804122924805,
        2.1628904342651367,
        2.104058265686035
    ],
    "val_class_loss": [
        0.24600251019001007,
        0.22145229578018188,
        0.21940714120864868,
        0.21551614999771118,
        0.21584124863147736,
        0.21032504737377167,
        0.2102748155593872,
        0.2112356722354889,
        0.2075517773628235,
        0.20820753276348114,
        0.207352876663208,
        0.20713523030281067,
        0.20659112930297852,
        0.20516172051429749,
        0.20571036636829376,
        0.20599514245986938,
        0.20579299330711365,
        0.204106405377388,
        0.20472440123558044,
        0.20341822504997253,
        0.20454350113868713,
        0.2041812688112259,
        0.20378322899341583,
        0.20338839292526245,
        0.2037523090839386
    ],
    "val_reg_loss": [
        2.6951234340667725,
        2.3501856327056885,
        2.2001752853393555,
        2.1180942058563232,
        1.7539410591125488,
        1.8022699356079102,
        1.7412307262420654,
        1.635438323020935,
        1.3322129249572754,
        1.369004726409912,
        1.3487725257873535,
        1.2683439254760742,
        1.2812823057174683,
        1.177977442741394,
        1.2167789936065674,
        1.2096461057662964,
        1.2073049545288086,
        1.2143561840057373,
        1.1543946266174316,
        1.1788066625595093,
        1.1435073614120483,
        1.1312044858932495,
        1.1425914764404297,
        1.1169540882110596,
        1.0859514474868774
    ],
    "val_class_accuracy": [
        0.9983333349227905,
        0.9983333349227905,
        0.9983333349227905,
        0.9991666674613953,
        0.9991666674613953,
        0.9991666674613953,
        0.9991666674613953,
        0.9991666674613953,
        0.9991666674613953,
        0.9991666674613953,
        0.9991666674613953,
        0.9991666674613953,
        0.9991666674613953,
        1.0,
        0.9991666674613953,
        0.9991666674613953,
        0.9991666674613953,
        0.9991666674613953,
        0.9991666674613953,
        1.0,
        0.9991666674613953,
        0.9991666674613953,
        0.9991666674613953,
        0.9991666674613953,
        0.9991666674613953
    ],
    "val_reg_mae": [
        0.29855412244796753,
        0.29164403676986694,
        0.275762140750885,
        0.2519593834877014,
        0.23624564707279205,
        0.23000890016555786,
        0.2181994915008545,
        0.19199708104133606,
        0.16844455897808075,
        0.1670299470424652,
        0.1667148917913437,
        0.15724946558475494,
        0.15979063510894775,
        0.15133433043956757,
        0.15806695818901062,
        0.1577659547328949,
        0.15727044641971588,
        0.15625187754631042,
        0.1533317118883133,
        0.1556391716003418,
        0.1544332057237625,
        0.15715256333351135,
        0.15674330294132233,
        0.1555255949497223,
        0.15454787015914917
    ],