{
    "total_loss": [
        11.81251335144043,
        8.537747383117676,
        9.212879180908203,
        12.039372444152832,
        12.410282135009766,
        7.6086859703063965,
        7.954143047332764,
        5.568176746368408,
        9.813834190368652,
        8.532840728759766,
        5.730495929718018,
        5.759312152862549,
        11.189155578613281,
        7.5147013664245605,
        4.782548427581787,
        6.636457443237305
    ],
    "class_loss": [
        0.25999969244003296,
        0.25739794969558716,
        0.249862939119339,
        0.3313705325126648,
        0.34130266308784485,
        0.2140689194202423,
        0.2572111189365387,
        0.2265448272228241,
        0.23975500464439392,
        0.27926647663116455,
        0.22099749743938446,
        0.22190222144126892,
        0.23212063312530518,
        0.27534380555152893,
        0.2358521968126297,
        0.24297094345092773
    ],
    "reg_loss": [
        6.533618927001953,
        4.714593410491943,
        5.090503692626953,
        6.651721954345703,
        6.8566789627075195,
        4.2032623291015625,
        4.390389442443848,
        3.0682599544525146,
        5.425490856170654,
        4.709437847137451,
        3.1590535640716553,
        3.174962043762207,
        6.190406799316406,
        4.144240379333496,
        2.630765438079834,
        3.659924268722534
    ],
    "class_accuracy": [
        0.9558823704719543,
        0.9849812388420105,
        0.9899874925613403,
        0.9900918006896973,
        0.9918648600578308,
        0.9935336112976074,
        0.9936378598213196,
        0.9942636489868164,
        0.9955152273178101,
        0.9961410164833069,
        0.995932400226593,
        0.9964538812637329,
        0.99603670835495,
        0.9961410164833069,
        0.9973925948143005,
        0.9976011514663696
    ],
    "reg_mae": [
        0.26206353306770325,
        0.22809584438800812,
        0.21260343492031097,
        0.20416423678398132,
        0.19497326016426086,
        0.18995672464370728,
        0.18587224185466766,
        0.1830674558877945,
        0.1802709698677063,
        0.17741025984287262,
        0.1744529753923416,
        0.17116564512252808,
        0.1712752878665924,
        0.17012673616409302,
        0.16917133331298828,
        0.16846777498722076
    ],
    "val_total_loss": [
        4.838446140289307,
        3.6118762493133545,
        2.6708157062530518,
        2.408012866973877,
        2.326467990875244,
        2.3032360076904297,
        1.9933260679244995,
        2.100395441055298,
        1.5846322774887085,
        2.272562026977539,
        1.874038815498352,
        1.998667597770691,
        1.8236969709396362,
        1.8095982074737549,
        1.8064022064208984,
        1.8785384893417358
    ],
    "val_class_loss": [
        0.2422996461391449,
        0.22596028447151184,
        0.2206946164369583,
        0.21707426011562347,
        0.21089571714401245,
        0.21332718431949615,
        0.21174108982086182,
        0.21136967837810516,
        0.20793047547340393,
        0.207940936088562,
        0.2062927782535553,
        0.2061055302619934,
        0.20472966134548187,
        0.204148069024086,
        0.2040710747241974,
        0.20497441291809082
    ],
    "val_reg_loss": [
        2.6611034870147705,
        1.9814913272857666,
        1.459264874458313,
        1.3136656284332275,
        1.2690494060516357,
        1.2558726072311401,
        1.083876609802246,
        1.14340078830719,
        0.8572479486465454,
        1.2394299507141113,
        1.0182112455368042,
        1.087470293045044,
        0.9904173016548157,
        0.9826492071151733,
        0.9808822870254517,
        1.020857572555542
    ],
    "val_class_accuracy": [
        0.9975000023841858,
        0.9983333349227905,
        1.0,
        1.0,
        1.0,
        0.9991666674613953,
        1.0,
        1.0,
        1.0,
        1.0,
        1.0,
        1.0,
        1.0,
        1.0,
        1.0,
        1.0
    ],
    "val_reg_mae": [
        0.2924388647079468,
        0.2706381380558014,
        0.22882205247879028,
        0.2067098766565323,
        0.19400306046009064,
        0.17814163863658905,
        0.15611952543258667,
        0.17233151197433472,
        0.15170152485370636,
        0.17933572828769684,
        0.1544908583164215,
        0.16146793961524963,
        0.15611512959003448,
        0.15543697774410248,
        0.15573228895664215,
        0.15755246579647064
    ],
    "lr": [
        9.999999747378752e-05,
        9.000000136438757e-05,
        8.099999831756577e-05,
        7.2900002123788e-05,
        6.56100019114092e-05,
        5.904900172026828e-05,
        5.314410009304993e-05,
        4.7829689719947055e-05,
        4.304672256694175e-05,
        3.874204776366241e-05,
        3.4867844078689814e-05,
        3.138105967082083e-05,
        2.824295370373875e-05,
        2.5418657969566993e-05,
        2.2876793082104996e-05,
        2.0589113773894496e-05
    ]
}