{
    "total_samples": 100,
    "rating_distribution": {
        "4.0": 5,
        "3.0": 37,
        "2.0": 24,
        "1.0": 11,
        "0.0": 21,
        "5.0": 2
    },
    "confidence_stats": {
        "mean": 0.6215029379725456,
        "std": 0.3080459859124875,
        "distribution": {
            "0.8": 23,
            "0.9": 24,
            "0.7": 10,
            "0.6": 3,
            "1.0": 4,
            "0.4": 5,
            "0.5": 7,
            "0.1": 11,
            "0.2": 6,
            "0.3": 4,
            "0.0": 3
        }
    },
    "iou_stats": {
        "mean": 0.31650249968192706,
        "std": 0.13500939905494477,
        "distribution": {
            "0.4": 23,
            "0.5": 2,
            "0.3": 22,
            "0.0": 3,
            "0.2": 13,
            "0.1": 3,
            "0.6": 1,
            "0.7": 1,
            "0.8": 1
        }
    },
    "failure_patterns": {
        "low_confidence": 31,
        "high_confidence_wrong": 9,
        "poor_bbox": 25,
        "false_positives": 1,
        "false_negatives": 31
    }
}