{
    "total_feedback": 100,
    "average_rating": 2.0,
    "average_confidence": 0.6215029379725456,
    "average_iou": 0.31650249968192706,
    "iou_statistics": {
        "threshold": 0.3,
        "by_range": {
            "poor": 10,
            "fair": 20,
            "good": 24,
            "excellent": 15
        }
    },
    "model_performance": {
        "true_positives": 39,
        "false_positives": 30,
        "false_negatives": 31,
        "precision": 0.5652173913043478,
        "recall": 0.5571428571428572,
        "f1_score": 0.5611510791366906
    },
    "temporal_metrics": {
        "moving_average_rating": [
            2.7,
            2.4,
            2.3,
            2.2,
            2.3,
            2.3,
            2.3,
            2.3,
            2.3,
            2.3,
            2.4,
            2.6,
            2.4,
            2.4,
            2.4,
            2.5,
            2.5,
            2.6,
            2.7,
            2.6,
            2.4,
            2.1,
            2.1,
            2.3,
            2.3,
            2.3,
            2.4,
            2.1,
            1.8,
            1.6,
            1.8,
            2.1,
            2.3,
            2.4,
            2.6,
            2.6,
            2.3,
            2.3,
            2.4,
            2.5,
            2.5,
            2.5,
            2.3,
            1.9,
            1.4,
            1.2,
            1.1,
            1.3,
            1.4,
            1.6,
            1.5,
            1.2,
            1.4,
            1.6,
            1.9,
            1.9,
            1.9,
            1.7,
            1.4,
            1.1,
            1.1,
            1.3,
            1.4,
            1.1,
            1.1,
            1.2,
            1.4,
            1.7,
            1.9,
            1.9,
            1.9,
            1.8,
            1.5,
            1.7,
            1.7,
            1.5,
            1.4,
            1.4,
            1.5,
            1.5,
            1.5,
            1.6,
            1.9,
            2.0,
            2.0,
            2.4,
            2.6,
            2.3,
            2.0,
            2.1,
            2.2
        ],
        "moving_average_iou": [
            0.2988141213186838,
            0.2842194899042556,
            0.25560110854554785,
            0.2424717091968901,
            0.2785795038356731,
            0.27203314914346877,
            0.2612148321785255,
            0.2511758925389167,
            0.23468722827189137,
            0.24610929605743503,
            0.27034468795375965,
            0.2780176177847996,
            0.2805469417116222,
            0.28686330124625403,
            0.2954585788843925,
            0.3184784199848219,
            0.3193593951920696,
            0.3457419069495191,
            0.3848929358425367,
            0.3647266555508772,
            0.32274620846510493,
            0.31970523624022307,
            0.31970523624022307,
            0.34051575383597943,
            0.3360264996274599,
            0.32871682623705967,
            0.3508953518384117,
            0.34736796481175053,
            0.30796460389017255,
            0.32868986497568015,
            0.41736156884999576,
            0.39455054985431853,
            0.36566341611981723,
            0.40728079070269974,
            0.4593055175650041,
            0.45720783994124947,
            0.45077045897796225,
            0.45077045897796225,
            0.412618944797052,
            0.412618944797052,
            0.41229105919744796,
            0.42498688984178395,
            0.46376126919661315,
            0.4120330990568126,
            0.32531865621209455,
            0.33137981642407516,
            0.33137981642407516,
            0.3097054449563912,
            0.35656044889635297,
            0.3459059797569614,
            0.3020435932242894,
            0.2852129241837904,
            0.27865652168000166,
            0.30134867717104175,
            0.3131274234029807,
            0.3131274234029807,
            0.3131274234029807,
            0.32453493887792095,
            0.31521595155921756,
            0.31819791364917316,
            0.3298360878946324,
            0.27961342907252956,
            0.28609645872821365,
            0.2539182097537065,
            0.23252111556914634,
            0.2300062745746419,
            0.24237663857569158,
            0.25509426164640564,
            0.27397252057918947,
            0.27397252057918947,
            0.27387817673302906,
            0.301757517154302,
            0.3045760933561413,
            0.2930162909551461,
            0.29597532116361247,
            0.3086467229247772,
            0.30953037579354464,
            0.3168188874859857,
            0.32083725856757483,
            0.32083725856757483,
            0.267952930636075,
            0.2442395844561349,
            0.2649059428097387,
            0.2739953497985194,
            0.26777142634804735,
            0.2861506891203175,
            0.28817821497058893,
            0.27822017202530064,
            0.2570784553836833,
            0.2570784553836833,
            0.3113593648170929
        ],
        "window_size": 10
    }
}