{
    "total_loss": [
        14.86842155456543,
        15.925236701965332,
        9.969939231872559,
        10.52649211883545,
        12.41666316986084,
        11.426093101501465,
        10.871126174926758,
        12.187933921813965,
        10.90829849243164,
        13.326167106628418,
        13.184113502502441,
        9.964591979980469,
        6.570036888122559,
        7.542459487915039,
        9.370951652526855,
        9.58055591583252,
        10.4596529006958,
        8.045971870422363,
        7.573760509490967,
        5.242002487182617,
        7.5260419845581055,
        6.305051326751709,
        5.963511943817139,
        8.644074440002441,
        6.915952205657959
    ],
    "class_loss": [
        0.24726088345050812,
        0.2539156675338745,
        0.25552618503570557,
        0.23715141415596008,
        0.2628098130226135,
        0.27351775765419006,
        0.27106088399887085,
        0.23882345855236053,
        0.23186859488487244,
        0.3347884714603424,
        0.3008296489715576,
        0.22809389233589172,
        0.2941001355648041,
        0.2156839817762375,
        0.24443678557872772,
        0.2428542822599411,
        0.336823970079422,
        0.22571857273578644,
        0.23229102790355682,
        0.21092358231544495,
        0.2246844470500946,
        0.22080257534980774,
        0.22268518805503845,
        0.22346153855323792,
        0.22484171390533447
    ],
    "reg_loss": [
        7.812471389770508,
        8.368339538574219,
        5.233887672424316,
        5.527777671813965,
        6.52125358581543,
        5.999337673187256,
        5.70737886428833,
        6.402132511138916,
        5.729006290435791,
        6.996151924133301,
        6.9231743812561035,
        5.232517242431641,
        3.4424352645874023,
        3.9583637714385986,
        4.919214725494385,
        5.029616355895996,
        5.4873528480529785,
        4.222842216491699,
        3.973963975906372,
        2.747847318649292,
        3.949249267578125,
        3.3068268299102783,
        3.1269702911376953,
        4.5377516746521,
        3.628141164779663
    ],
    "class_accuracy": [
        0.9250104427337646,
        0.9759073853492737,
        0.9822695255279541,
        0.986754298210144,
        0.987171471118927,
        0.9885272979736328,
        0.9884230494499207,
        0.9920734167098999,
        0.991969108581543,
        0.9931163787841797,
        0.9924905896186829,
        0.9934293031692505,
        0.9935336112976074,
        0.9947851300239563,
        0.9949937462806702,
        0.9955152273178101,
        0.9955152273178101,
        0.9972882866859436,
        0.9961410164833069,
        0.995619535446167,
        0.9966624975204468,
        0.9954109191894531,
        0.9972882866859436,
        0.9971839785575867,
        0.9965581893920898
    ],
    "reg_mae": [
        0.30736324191093445,
        0.2401198446750641,
        0.2302011251449585,
        0.2223968505859375,
        0.21530112624168396,
        0.20633657276630402,
        0.20041172206401825,
        0.19433461129665375,
        0.18811006844043732,
        0.18614231050014496,
        0.1825607270002365,
        0.1806827187538147,
        0.18060795962810516,
        0.17751356959342957,
        0.1759175956249237,
        0.1766475886106491,
        0.17425426840782166,
        0.17363423109054565,
        0.17374330759048462,
        0.1726650446653366,
        0.17294639348983765,
        0.17184020578861237,
        0.1696653664112091,
        0.1699431985616684,
        0.17137062549591064
    ],
    "val_total_loss": [
        5.105154514312744,
        4.588349342346191,
        4.8054022789001465,
        4.764334201812744,
        4.415219783782959,
        4.113924980163574,
        3.868520975112915,
        3.930900812149048,
        3.600846529006958,
        3.277045726776123,
        3.068084478378296,
        3.001239061355591,
        3.0713040828704834,
        2.8264060020446777,
        2.756432056427002,
        2.7078707218170166,
        2.7077255249023438,
        2.671823740005493,
        2.544520854949951,
        2.6229770183563232,
        2.434528112411499,
        2.4806771278381348,
        2.377108573913574,
        2.459266185760498,
        2.437305450439453
    ],
    "val_class_loss": [
        0.26430079340934753,
        0.23980093002319336,
        0.22651687264442444,
        0.2231869399547577,
        0.2208452820777893,
        0.22010158002376556,
        0.21612846851348877,
        0.21505209803581238,
        0.21272727847099304,
        0.21130472421646118,
        0.2119133174419403,
        0.21091657876968384,
        0.2094106376171112,
        0.21033789217472076,
        0.2102205455303192,
        0.21020057797431946,
        0.20991885662078857,
        0.20925253629684448,
        0.20793931186199188,
        0.2084367871284485,
        0.20914852619171143,
        0.2080676257610321,
        0.2076341211795807,
        0.20855429768562317,
        0.20761194825172424
    ],
    "val_reg_loss": [
        2.6730129718780518,
        2.402299642562866,
        2.5172371864318848,
        2.495797634124756,
        2.312176465988159,
        2.153639316558838,
        2.024688482284546,
        2.0575766563415527,
        1.883986234664917,
        1.7136396169662476,
        1.6036279201507568,
        1.5684986114501953,
        1.6054543256759644,
        1.4765117168426514,
        1.4396895170211792,
        1.4141318798065186,
        1.4140703678131104,
        1.3952096700668335,
        1.328277349472046,
        1.3695437908172607,
        1.2703227996826172,
        1.2946686744689941,
        1.2401816844940186,
        1.2833740711212158,
        1.2718653678894043
    ],
    "val_class_accuracy": [
        0.9983333349227905,
        0.9991666674613953,
        1.0,
        1.0,
        1.0,
        1.0,
        1.0,
        0.9991666674613953,
        1.0,
        0.9991666674613953,
        1.0,
        1.0,
        1.0,
        1.0,
        1.0,
        1.0,
        1.0,
        1.0,
        1.0,
        1.0,
        1.0,
        1.0,
        1.0,
        1.0,
        1.0
    ],
    "val_reg_mae": [
        0.28658735752105713,
        0.30303478240966797,
        0.3110424876213074,
        0.3109097182750702,
        0.2924053370952606,
        0.2716115415096283,
        0.2500324547290802,
        0.23772653937339783,
        0.22407908737659454,
        0.20212340354919434,
        0.19349630177021027,
        0.18895500898361206,
        0.18714836239814758,
        0.17873533070087433,
        0.17840224504470825,
        0.17428170144557953,
        0.17496897280216217,
        0.17134153842926025,
        0.1615498661994934,
        0.16783662140369415,
        0.15974944829940796,
        0.16304638981819153,
        0.15937171876430511,
        0.16368012130260468,
        0.16319036483764648
    ],
    "lr": [
        9.999999747378752e-05,
        9.000000136438757e-05,
        8.099999831756577e-05,
        7.2900002123788e-05,
        6.56100019114092e-05,
        5.904900172026828e-05,
        5.314410009304993e-05,
        4.7829689719947055e-05,
        4.304672256694175e-05,
        3.874204776366241e-05,
        3.4867844078689814e-05,
        3.138105967082083e-05,
        2.824295370373875e-05,
        2.5418657969566993e-05,
        2.2876793082104996e-05,
        2.0589113773894496e-05,
        1.8530201487010345e-05,
        1.6677182429702953e-05,
        1.5009463822934777e-05,
        1.3508517440641299e-05,
        1.215766587847611e-05,
        1.0941898835881148e-05,
        9.847709407040384e-06,
        8.862938557285815e-06,
        7.976644155860413e-06
    ]
}