{
    "total_loss": [
        9.779936790466309,
        14.126053810119629,
        9.287331581115723,
        8.220376968383789,
        9.951764106750488,
        8.642037391662598,
        9.504121780395508,
        5.9574785232543945,
        11.021726608276367,
        8.164306640625
    ],
    "class_loss": [
        0.28534263372421265,
        0.2928774356842041,
        0.230828195810318,
        0.2658458352088928,
        0.24798865616321564,
        0.2311229407787323,
        0.23172548413276672,
        0.22678795456886292,
        0.29390791058540344,
        0.22276392579078674
    ],
    "reg_loss": [
        5.736119270324707,
        8.292215347290039,
        5.449557781219482,
        4.819877624511719,
        5.839391231536865,
        5.069955825805664,
        5.577028751373291,
        3.491058588027954,
        6.4660797119140625,
        4.789429664611816
    ],
    "class_accuracy": [
        0.9526491165161133,
        0.9847726225852966,
        0.9900918006896973,
        0.9908218383789062,
        0.9930120706558228,
        0.9930120706558228,
        0.9943679571151733,
        0.9953066110610962,
        0.9947851300239563,
        0.995202362537384
    ],
    "reg_mae": [
        0.2589019536972046,
        0.22155775129795074,
        0.20910859107971191,
        0.20346508920192719,
        0.19611847400665283,
        0.18950249254703522,
        0.18514083325862885,
        0.17984560132026672,
        0.17861631512641907,
        0.17603996396064758
    ],
    "val_total_loss": [
        3.973099946975708,
        2.072011947631836,
        1.5120141506195068,
        1.7277522087097168,
        1.5626184940338135,
        1.5743229389190674,
        1.9030215740203857,
        2.3538808822631836,
        2.112548828125,
        2.386610984802246
    ],
    "val_class_loss": [
        0.25490742921829224,
        0.22181417047977448,
        0.22140853106975555,
        0.217762291431427,
        0.2134408950805664,
        0.2110331654548645,
        0.21056482195854187,
        0.21183697879314423,
        0.2093144655227661,
        0.2080034613609314
    ],
    "val_reg_loss": [
        2.3221230506896973,
        1.2057825326919556,
        0.8763960599899292,
        1.0035152435302734,
        0.9066320061683655,
        0.913658618927002,
        1.1070382595062256,
        1.3721747398376465,
        1.230363130569458,
        1.391653299331665
    ],
    "val_class_accuracy": [
        0.9975000023841858,
        0.9991666674613953,
        0.9991666674613953,
        0.9991666674613953,
        1.0,
        1.0,
        0.9991666674613953,
        1.0,
        0.9991666674613953,
        0.9991666674613953
    ],
    "val_reg_mae": [
        0.1760539561510086,
        0.1257297843694687,
        0.10778921842575073,
        0.10978527367115021,
        0.11413466185331345,
        0.10045745223760605,
        0.12609393894672394,
        0.145003542304039,
        0.13573643565177917,
        0.16167110204696655
    ],
    "lr": [
        9.999999747378752e-05,
        9.000000136438757e-05,
        8.099999831756577e-05,
        7.2900002123788e-05,
        6.56100019114092e-05,
        5.904900172026828e-05,
        5.314410009304993e-05,
        4.7829689719947055e-05,
        4.304672256694175e-05,
        3.874204776366241e-05
    ]
}