{
    "total_loss": [
        11.896183967590332,
        10.68210220336914,
        9.827466011047363,
        8.813414573669434,
        10.117514610290527,
        8.158610343933105,
        8.537399291992188,
        8.800795555114746,
        10.719809532165527,
        7.34588623046875,
        7.3746232986450195,
        5.834571361541748,
        6.692326068878174,
        7.059491157531738,
        6.4258713722229,
        9.176279067993164,
        7.102081298828125,
        4.07712459564209,
        4.66377592086792,
        6.862379550933838,
        8.713339805603027,
        7.819278717041016,
        7.040088653564453,
        6.853307247161865
    ],
    "class_loss": [
        0.3377734124660492,
        0.24659474194049835,
        0.2813274562358856,
        0.28612881898880005,
        0.24814093112945557,
        0.22734275460243225,
        0.2516055107116699,
        0.2159806787967682,
        0.24914869666099548,
        0.2380397766828537,
        0.21988484263420105,
        0.24707691371440887,
        0.24819867312908173,
        0.2456594705581665,
        0.22998909652233124,
        0.27067527174949646,
        0.23088829219341278,
        0.22389011085033417,
        0.230495885014534,
        0.24122758209705353,
        0.22456030547618866,
        0.278672993183136,
        0.22647392749786377,
        0.23210735619068146
    ],
    "reg_loss": [
        6.958017349243164,
        6.254578113555908,
        5.747764587402344,
        5.150699138641357,
        5.922286033630371,
        4.772436141967773,
        4.992399215698242,
        5.151529312133789,
        6.276458740234375,
        4.293104648590088,
        4.312144756317139,
        3.4030327796936035,
        3.9074625968933105,
        4.1237406730651855,
        3.752866744995117,
        5.365966796875,
        4.15053129196167,
        2.3719685077667236,
        2.716280221939087,
        4.00831413269043,
        5.099074840545654,
        4.566790580749512,
        4.114584445953369,
        4.004050254821777
    ],
    "class_accuracy": [
        0.9549436569213867,
        0.9840425252914429,
        0.9889445304870605,
        0.9921777248382568,
        0.991239070892334,
        0.9932206869125366,
        0.9932206869125366,
        0.9946808218955994,
        0.9936378598213196,
        0.9950980544090271,
        0.9954109191894531,
        0.9972882866859436,
        0.9962453246116638,
        0.9966624975204468,
        0.9979140758514404,
        0.9961410164833069,
        0.9970796704292297,
        0.9973925948143005,
        0.9978097677230835,
        0.9971839785575867,
        0.9970796704292297,
        0.9980183839797974,
        0.9970796704292297,
        0.9976011514663696
    ],
    "reg_mae": [
        0.27472180128097534,
        0.22681738436222076,
        0.2162482738494873,
        0.2087380737066269,
        0.20222215354442596,
        0.19599229097366333,
        0.19112981855869293,
        0.18623781204223633,
        0.18293070793151855,
        0.1797897219657898,
        0.1767096370458603,
        0.1759580373764038,
        0.1731773465871811,
        0.17566071450710297,
        0.17289547622203827,
        0.17313580214977264,
        0.1700613647699356,
        0.1687435358762741,
        0.17028334736824036,
        0.16798435151576996,
        0.16865405440330505,
        0.16928984224796295,
        0.16669653356075287,
        0.16788361966609955
    ],
    "val_total_loss": [
        3.096040725708008,
        2.5594420433044434,
        1.9068626165390015,
        1.8066383600234985,
        1.968902349472046,
        1.8531144857406616,
        1.5953338146209717,
        2.1268694400787354,
        1.9413708448410034,
        1.6586661338806152,
        1.8301303386688232,
        1.6818263530731201,
        1.4846256971359253,
        1.484485149383545,
        1.6047377586364746,
        1.547547459602356,
        1.4716018438339233,
        1.598140001296997,
        1.500928521156311,
        1.5602165460586548,
        1.6520031690597534,
        1.5790938138961792,
        1.517295479774475,
        1.4732946157455444
    ],
    "val_class_loss": [
        0.2467237412929535,
        0.22729317843914032,
        0.21629714965820312,
        0.21574971079826355,
        0.21097099781036377,
        0.21078604459762573,
        0.20863766968250275,
        0.20855270326137543,
        0.20720964670181274,
        0.2073950320482254,
        0.20593762397766113,
        0.20531125366687775,
        0.20538729429244995,
        0.20567360520362854,
        0.20395493507385254,
        0.20399129390716553,
        0.2045290619134903,
        0.20415523648262024,
        0.20340001583099365,
        0.20304451882839203,
        0.20345857739448547,
        0.2034795731306076,
        0.20293378829956055,
        0.20282813906669617
    ],
    "val_reg_loss": [
        1.7921741008758545,
        1.4788137674331665,
        1.0962371826171875,
        1.0373461246490479,
        1.1333576440811157,
        1.0652689933776855,
        0.9138860106468201,
        1.2265639305114746,
        1.117605209350586,
        0.9512864947319031,
        1.0523192882537842,
        0.965155303478241,
        0.8491459488868713,
        0.8490296602249146,
        0.9199686050415039,
        0.8863229751586914,
        0.8415858745574951,
        0.9160640239715576,
        0.8589696884155273,
        0.8938868045806885,
        0.9478302597999573,
        0.9049398899078369,
        0.8686522245407104,
        0.8427817225456238
    ],
    "val_class_accuracy": [
        0.9991666674613953,
        0.9991666674613953,
        0.9991666674613953,
        0.9991666674613953,
        1.0,
        1.0,
        1.0,
        1.0,
        1.0,
        1.0,
        1.0,
        1.0,
        1.0,
        1.0,
        1.0,
        1.0,
        1.0,
        1.0,
        1.0,
        1.0,
        1.0,
        1.0,
        1.0,
        1.0
    ],
    "val_reg_mae": [
        0.20239274203777313,
        0.20281323790550232,
        0.18159356713294983,
        0.1759858876466751,
        0.20283682644367218,
        0.1792999804019928,
        0.15712463855743408,
        0.17547507584095,
        0.1605418622493744,
        0.1547580361366272,
        0.159529909491539,
        0.1541789025068283,
        0.14762075245380402,
        0.15020637214183807,
        0.15862137079238892,
        0.15663135051727295,
        0.15086495876312256,
        0.1547688990831375,
        0.15035511553287506,
        0.1537185162305832,
        0.15899676084518433,
        0.15544873476028442,
        0.1528671234846115,
        0.1502513438463211
    ],
    "lr": [
        9.999999747378752e-05,
        9.000000136438757e-05,
        8.099999831756577e-05,
        7.2900002123788e-05,
        6.56100019114092e-05,
        5.904900172026828e-05,
        5.314410009304993e-05,
        4.7829689719947055e-05,
        4.304672256694175e-05,
        3.874204776366241e-05,
        3.4867844078689814e-05,
        3.138105967082083e-05,
        2.824295370373875e-05,
        2.5418657969566993e-05,
        2.2876793082104996e-05,
        2.0589113773894496e-05,
        1.8530201487010345e-05,
        1.6677182429702953e-05,
        1.5009463822934777e-05,
        1.3508517440641299e-05,
        1.215766587847611e-05,
        1.0941898835881148e-05,
        9.847709407040384e-06,
        8.862938557285815e-06
    ]
}