{
    "total_loss": [
        10.380290031433105,
        13.65477466583252,
        7.358036994934082,
        9.952778816223145,
        8.41387939453125,
        5.6896843910217285,
        8.072132110595703,
        5.491109371185303,
        8.247332572937012
    ],
    "class_loss": [
        0.260389119386673,
        0.2447342872619629,
        0.2816653847694397,
        0.2658995985984802,
        0.21890977025032043,
        0.24813473224639893,
        0.2266523838043213,
        0.23750050365924835,
        0.2560087740421295
    ],
    "reg_loss": [
        5.75236177444458,
        7.572390079498291,
        4.072150230407715,
        5.514549255371094,
        4.6622161865234375,
        3.1471505165100098,
        4.471926212310791,
        3.0374221801757812,
        4.567629337310791
    ],
    "class_accuracy": [
        0.9598456621170044,
        0.9868585467338562,
        0.9879015684127808,
        0.9906132817268372,
        0.9913433194160461,
        0.9935336112976074,
        0.9930120706558228,
        0.9945765733718872,
        0.9949937462806702
    ],
    "reg_mae": [
        0.2665364742279053,
        0.22358529269695282,
        0.21320131421089172,
        0.20693744719028473,
        0.1995946168899536,
        0.19318777322769165,
        0.18875883519649506,
        0.18505482375621796,
        0.18076249957084656
    ],
    "val_total_loss": [
        3.224299192428589,
        1.851954460144043,
        2.1965885162353516,
        2.084653615951538,
        2.2719805240631104,
        2.856733560562134,
        2.6711513996124268,
        2.5394086837768555,
        2.652207851409912
    ],
    "val_class_loss": [
        0.24315045773983002,
        0.22496914863586426,
        0.21922962367534637,
        0.21983906626701355,
        0.21531204879283905,
        0.2156451940536499,
        0.21061524748802185,
        0.21223777532577515,
        0.20885133743286133
    ],
    "val_reg_loss": [
        1.7777689695358276,
        1.0163652896881104,
        1.2081475257873535,
        1.1459276676177979,
        1.2502497434616089,
        1.5750939846038818,
        1.472272276878357,
        1.398991584777832,
        1.461845874786377
    ],
    "val_class_accuracy": [
        0.9983333349227905,
        0.9991666674613953,
        0.9991666674613953,
        0.9991666674613953,
        0.9991666674613953,
        0.9991666674613953,
        0.9991666674613953,
        0.9991666674613953,
        0.9991666674613953
    ],
    "val_reg_mae": [
        0.16800223290920258,
        0.13693571090698242,
        0.1405176967382431,
        0.1387520283460617,
        0.14914701879024506,
        0.15790559351444244,
        0.1562538743019104,
        0.15708501636981964,
        0.1662168800830841
    ],
    "lr": [
        9.999999747378752e-05,
        9.000000136438757e-05,
        8.099999831756577e-05,
        7.2900002123788e-05,
        6.56100019114092e-05,
        5.904900172026828e-05,
        5.314410009304993e-05,
        4.7829689719947055e-05,
        4.304672256694175e-05
    ]
}