{
    "total_loss": [
        10.597362518310547,
        12.721138954162598,
        11.86209487915039,
        12.401386260986328,
        10.675066947937012,
        14.790120124816895,
        9.897972106933594,
        12.430323600769043,
        10.869484901428223,
        10.36491870880127,
        8.665409088134766,
        7.422426223754883,
        7.618335723876953,
        7.519129276275635,
        9.477272033691406,
        8.628557205200195,
        11.661243438720703,
        8.803962707519531,
        5.279872894287109,
        7.1801300048828125,
        7.283834934234619,
        7.145335674285889,
        5.999274730682373,
        6.491525173187256,
        8.65468978881836
    ],
    "class_loss": [
        0.2391681671142578,
        0.2784591615200043,
        0.24498692154884338,
        0.28243714570999146,
        0.238074392080307,
        0.3308294415473938,
        0.23574018478393555,
        0.2606964409351349,
        0.31077536940574646,
        0.26093873381614685,
        0.25135350227355957,
        0.2486228048801422,
        0.2215798795223236,
        0.21790571510791779,
        0.24311020970344543,
        0.2287185937166214,
        0.23322610557079315,
        0.2206694334745407,
        0.22973418235778809,
        0.25110501050949097,
        0.293857216835022,
        0.22257070243358612,
        0.22126159071922302,
        0.2226315289735794,
        0.2392638623714447
    ],
    "reg_loss": [
        5.860849857330322,
        7.036359786987305,
        6.562832355499268,
        6.858277320861816,
        5.904139995574951,
        8.179974555969238,
        5.47268009185791,
        6.876769065856934,
        6.004072666168213,
        5.729295253753662,
        4.786188125610352,
        4.095945358276367,
        4.207788944244385,
        4.153082370758057,
        5.2381391525268555,
        4.7682294845581055,
        6.452554702758789,
        4.866571426391602,
        2.9077370166778564,
        3.9610607624053955,
        4.0139241218566895,
        3.9449009895324707,
        3.3083457946777344,
        3.5816662311553955,
        4.781576156616211
    ],
    "class_accuracy": [
        0.9286608099937439,
        0.9802878499031067,
        0.9825823903083801,
        0.9861285090446472,
        0.98758864402771,
        0.9886316061019897,
        0.9914476275444031,
        0.9923863410949707,
        0.9914476275444031,
        0.991969108581543,
        0.9953066110610962,
        0.9949937462806702,
        0.9942636489868164,
        0.9962453246116638,
        0.9954109191894531,
        0.9964538812637329,
        0.9954109191894531,
        0.995619535446167,
        0.9967668056488037,
        0.9968711137771606,
        0.9963496327400208,
        0.9955152273178101,
        0.995619535446167,
        0.9971839785575867,
        0.9963496327400208
    ],
    "reg_mae": [
        0.2863670885562897,
        0.23197318613529205,
        0.22604131698608398,
        0.21717087924480438,
        0.20946380496025085,
        0.20269788801670074,
        0.19635599851608276,
        0.19205616414546967,
        0.1879575252532959,
        0.18484282493591309,
        0.17944999039173126,
        0.17934811115264893,
        0.17693383991718292,
        0.17445038259029388,
        0.17543047666549683,
        0.17280521988868713,
        0.17381949722766876,
        0.1724260151386261,
        0.17161288857460022,
        0.16935338079929352,
        0.1682559996843338,
        0.1694919466972351,
        0.17014506459236145,
        0.16866138577461243,
        0.16867347061634064
    ],
    "val_total_loss": [
        5.561729431152344,
        5.403073310852051,
        5.00991678237915,
        4.9506516456604,
        4.6311211585998535,
        4.177974224090576,
        4.346184730529785,
        4.089775562286377,
        4.0974955558776855,
        3.6454532146453857,
        3.5627989768981934,
        3.425447702407837,
        3.237849473953247,
        3.317410469055176,
        3.144228219985962,
        2.962921619415283,
        2.864759922027588,
        2.7176949977874756,
        2.6318233013153076,
        2.424464225769043,
        2.4748005867004395,
        2.4347383975982666,
        2.3626797199249268,
        2.2784438133239746,
        2.272152900695801
    ],
    "val_class_loss": [
        0.2589111328125,
        0.23104873299598694,
        0.2277200073003769,
        0.22100676596164703,
        0.22199226915836334,
        0.21628117561340332,
        0.21768635511398315,
        0.2152276337146759,
        0.2157476544380188,
        0.21558326482772827,
        0.21349886059761047,
        0.21306678652763367,
        0.21295644342899323,
        0.21300184726715088,
        0.211469829082489,
        0.21135291457176208,
        0.21018293499946594,
        0.21245677769184113,
        0.21112793684005737,
        0.21096597611904144,
        0.21068339049816132,
        0.21035589277744293,
        0.21163609623908997,
        0.21079328656196594,
        0.2104760706424713
    ],
    "val_reg_loss": [
        3.061081886291504,
        2.9760353565216064,
        2.7579848766326904,
        2.7258057594299316,
        2.5481793880462646,
        2.297065496444702,
        2.390359878540039,
        2.248183488845825,
        2.2524144649505615,
        2.001298189163208,
        1.955610752105713,
        1.8793525695800781,
        1.7751435041427612,
        1.8193390369415283,
        1.723296880722046,
        1.6225838661193848,
        1.568179726600647,
        1.4862241744995117,
        1.4386653900146484,
        1.323483943939209,
        1.3514800071716309,
        1.3292596340179443,
        1.289084792137146,
        1.2423807382583618,
        1.2389209270477295
    ],
    "val_class_accuracy": [
        0.9983333349227905,
        0.9991666674613953,
        0.9991666674613953,
        0.9991666674613953,
        0.9991666674613953,
        0.9991666674613953,
        0.9991666674613953,
        0.9991666674613953,
        0.9991666674613953,
        0.9991666674613953,
        0.9991666674613953,
        0.9991666674613953,
        0.9991666674613953,
        0.9991666674613953,
        0.9991666674613953,
        0.9991666674613953,
        0.9991666674613953,
        0.9991666674613953,
        0.9991666674613953,
        0.9991666674613953,
        0.9991666674613953,
        0.9991666674613953,
        0.9991666674613953,
        0.9991666674613953,
        0.9991666674613953
    ],
    "val_reg_mae": [
        0.28435030579566956,
        0.3147560656070709,
        0.30760902166366577,
        0.29907628893852234,
        0.2866678237915039,
        0.2684948742389679,
        0.2638488709926605,
        0.24773475527763367,
        0.24156725406646729,
        0.21935373544692993,
        0.21055567264556885,
        0.20434421300888062,
        0.19874055683612823,
        0.19719113409519196,
        0.19247426092624664,
        0.1875816136598587,
        0.1764865219593048,
        0.17377538979053497,
        0.1734752058982849,
        0.1625574678182602,
        0.16449519991874695,
        0.1639401614665985,
        0.16180801391601562,
        0.15937216579914093,
        0.15932773053646088
    ],