{
    "total_loss": [
        10.6819486618042,
        15.20471477508545,
        12.375428199768066,
        7.368124961853027,
        10.704900741577148,
        11.097891807556152,
        5.065113067626953,
        10.76597785949707,
        5.557940483093262,
        7.258859634399414,
        13.844059944152832,
        8.404788970947266,
        5.930417537689209,
        10.163039207458496,
        7.690810203552246,
        4.21806526184082,
        8.885004043579102,
        7.995022773742676,
        4.567015647888184,
        8.765740394592285,
        5.932888984680176,
        7.073753356933594,
        7.699329376220703,
        4.9069743156433105,
        7.778504371643066
    ],
    "class_loss": [
        0.2763434946537018,
        0.3121521472930908,
        0.23161394894123077,
        0.2527294158935547,
        0.21937604248523712,
        0.25778061151504517,
        0.2223316729068756,
        0.2530863285064697,
        0.24833743274211884,
        0.22366973757743835,
        0.22683922946453094,
        0.23867399990558624,
        0.23491641879081726,
        0.2732955515384674,
        0.36255425214767456,
        0.26400226354599,
        0.227181077003479,
        0.20818081498146057,
        0.22171752154827118,
        0.32766979932785034,
        0.2248903512954712,
        0.23524105548858643,
        0.22341914474964142,
        0.217764213681221,
        0.2103528529405594
    ],
    "reg_loss": [
        5.919063568115234,
        8.42972183227539,
        6.86237096786499,
        4.079362392425537,
        5.9349799156188965,
        6.151174545288086,
        2.801600217819214,
        5.967038631439209,
        3.073948383331299,
        4.020273685455322,
        7.678542137145996,
        4.656067371368408,
        3.281625509262085,
        5.630949974060059,
        4.252530574798584,
        2.328702926635742,
        4.923491954803467,
        4.430113792419434,
        2.5249133110046387,
        4.851651668548584,
        3.283555507659912,
        3.9167940616607666,
        4.264993190765381,
        2.713999032974243,
        4.3097052574157715
    ],
    "class_accuracy": [
        0.9555694460868835,
        0.9853984117507935,
        0.9895703196525574,
        0.9924905896186829,
        0.9921777248382568,
        0.9938464760780334,
        0.995619535446167,
        0.9950980544090271,
        0.9950980544090271,
        0.9942636489868164,
        0.99603670835495,
        0.9969753623008728,
        0.9961410164833069,
        0.9971839785575867,
        0.9969753623008728,
        0.9961410164833069,
        0.9970796704292297,
        0.9977054595947266,
        0.9971839785575867,
        0.9974968433380127,
        0.9974968433380127,
        0.9984355568885803,
        0.9984355568885803,
        0.9978097677230835,
        0.9965581893920898
    ],
    "reg_mae": [
        0.24904589354991913,
        0.22408750653266907,
        0.21150511503219604,
        0.19983737170696259,
        0.19245269894599915,
        0.1883728951215744,
        0.1837443709373474,
        0.17976078391075134,
        0.1773582100868225,
        0.17534947395324707,
        0.17391400039196014,
        0.1728072613477707,
        0.16983792185783386,
        0.1705426573753357,
        0.1678348332643509,
        0.16844378411769867,
        0.16541820764541626,
        0.1663014441728592,
        0.16626018285751343,
        0.16595624387264252,
        0.16684338450431824,
        0.16364242136478424,
        0.16342267394065857,
        0.16357651352882385,
        0.16379804909229279
    ],
    "val_total_loss": [
        4.972750663757324,
        3.9571568965911865,
        3.6550564765930176,
        3.252408504486084,
        2.938060760498047,
        2.53776478767395,
        2.7622029781341553,
        2.5864789485931396,
        2.590200662612915,
        2.4542653560638428,
        2.4754011631011963,
        2.247990131378174,
        2.2963027954101562,
        2.146683931350708,
        2.0477259159088135,
        2.0726282596588135,
        2.1857314109802246,
        2.2425477504730225,
        1.959506869316101,
        2.0661680698394775,
        1.8812949657440186,
        1.917765736579895,
        1.8926223516464233,
        1.868638277053833,
        1.861909031867981
    ],
    "val_class_loss": [
        0.24333661794662476,
        0.2234858274459839,
        0.22347000241279602,
        0.21681439876556396,
        0.21985788643360138,
        0.21663926541805267,
        0.21919210255146027,
        0.2166225165128708,
        0.21470220386981964,
        0.21283330023288727,
        0.21327397227287292,
        0.2139013111591339,
        0.21287912130355835,
        0.21227940917015076,
        0.21201881766319275,
        0.21080544590950012,
        0.21109430491924286,
        0.21133247017860413,
        0.2120656669139862,
        0.21168549358844757,
        0.21039466559886932,
        0.21035221219062805,
        0.20935098826885223,
        0.2102566957473755,
        0.2099793255329132
    ],
    "val_reg_loss": [
        2.7491207122802734,
        2.186004638671875,
        2.018172025680542,
        1.7948483228683472,
        1.6200417280197144,
        1.3978338241577148,
        1.5223798751831055,
        1.4248981475830078,
        1.4270724058151245,
        1.3516566753387451,
        1.3633742332458496,
        1.2369999885559082,
        1.263897180557251,
        1.1808090209960938,
        1.1258467435836792,
        1.1397488117218018,
        1.2025678157806396,
        1.2341192960739136,
        1.0768334865570068,
        1.1361109018325806,
        1.0334752798080444,
        1.0537391901016235,
        1.0398262739181519,
        1.0264514684677124,
        1.022728443145752
    ],
    "val_class_accuracy": [
        0.9983333349227905,
        0.9983333349227905,
        0.9991666674613953,
        1.0,
        1.0,
        1.0,
        0.9991666674613953,
        1.0,
        1.0,
        1.0,
        1.0,
        1.0,
        1.0,
        1.0,
        0.9991666674613953,
        1.0,
        1.0,
        1.0,
        1.0,
        1.0,
        1.0,
        1.0,
        1.0,
        1.0,
        1.0
    ],
    "val_reg_mae": [
        0.29247015714645386,
        0.2758018374443054,
        0.24551089107990265,
        0.2150471806526184,
        0.1988368034362793,
        0.17706625163555145,
        0.17793172597885132,
        0.1631777137517929,
        0.16526933014392853,
        0.16182661056518555,
        0.1557619273662567,
        0.14244695007801056,
        0.15415534377098083,
        0.15925824642181396,
        0.15216544270515442,
        0.1577979326248169,
        0.16007284820079803,
        0.1590673327445984,
        0.14601700007915497,
        0.15305930376052856,
        0.14706546068191528,
        0.14996619522571564,
        0.1474449783563614,
        0.14803864061832428,
        0.14647072553634644
    ],
    "lr": [
        9.999999747378752e-05,
        9.000000136438757e-05,
        8.099999831756577e-05,
        7.2900002123788e-05,
        6.56100019114092e-05,
        5.904900172026828e-05,
        5.314410009304993e-05,
        4.7829689719947055e-05,
        4.304672256694175e-05,
        3.874204776366241e-05,
        3.4867844078689814e-05,
        3.138105967082083e-05,
        2.824295370373875e-05,
        2.5418657969566993e-05,
        2.2876793082104996e-05,
        2.0589113773894496e-05,
        1.8530201487010345e-05,
        1.6677182429702953e-05,
        1.5009463822934777e-05,
        1.3508517440641299e-05,
        1.215766587847611e-05,
        1.0941898835881148e-05,
        9.847709407040384e-06,
        8.862938557285815e-06,
        7.976644155860413e-06
    ]
}